DELETE FROM as_object_levels;
DELETE FROM as_addr_obj_types;
DELETE FROM as_house_types;
DELETE FROM as_param_types;
-- START as_object_levels DATA
INSERT INTO public.as_object_levels (level, name, shortname, updatedate, startdate, enddate, isactive) VALUES (1, 'Субъект РФ', null, '1900-01-01', '1900-01-01', '2079-06-06', true);
INSERT INTO public.as_object_levels (level, name, shortname, updatedate, startdate, enddate, isactive) VALUES (2, 'Административный район', null, '1900-01-01', '1900-01-01', '2079-06-06', true);
INSERT INTO public.as_object_levels (level, name, shortname, updatedate, startdate, enddate, isactive) VALUES (3, 'Муниципальный район', null, '1900-01-01', '1900-01-01', '2079-06-06', true);
INSERT INTO public.as_object_levels (level, name, shortname, updatedate, startdate, enddate, isactive) VALUES (4, 'Сельское/городское поселение', null, '1900-01-01', '1900-01-01', '2079-06-06', true);
INSERT INTO public.as_object_levels (level, name, shortname, updatedate, startdate, enddate, isactive) VALUES (5, 'Город', null, '1900-01-01', '1900-01-01', '2079-06-06', true);
INSERT INTO public.as_object_levels (level, name, shortname, updatedate, startdate, enddate, isactive) VALUES (6, 'Населенный пункт', null, '1900-01-01', '1900-01-01', '2079-06-06', true);
INSERT INTO public.as_object_levels (level, name, shortname, updatedate, startdate, enddate, isactive) VALUES (7, 'Элемент планировочной структуры', null, '1900-01-01', '1900-01-01', '2079-06-06', true);
INSERT INTO public.as_object_levels (level, name, shortname, updatedate, startdate, enddate, isactive) VALUES (8, 'Элемент улично-дорожной сети', null, '1900-01-01', '1900-01-01', '2079-06-06', true);
INSERT INTO public.as_object_levels (level, name, shortname, updatedate, startdate, enddate, isactive) VALUES (9, 'Земельный участок', null, '1900-01-01', '1900-01-01', '2079-06-06', true);
INSERT INTO public.as_object_levels (level, name, shortname, updatedate, startdate, enddate, isactive) VALUES (10, 'Здание (сооружение)', null, '1900-01-01', '1900-01-01', '2079-06-06', true);
INSERT INTO public.as_object_levels (level, name, shortname, updatedate, startdate, enddate, isactive) VALUES (11, 'Помещение', null, '1900-01-01', '1900-01-01', '2079-06-06', true);
INSERT INTO public.as_object_levels (level, name, shortname, updatedate, startdate, enddate, isactive) VALUES (12, 'Помещения в пределах помещения', null, '1900-01-01', '1900-01-01', '2079-06-06', true);
INSERT INTO public.as_object_levels (level, name, shortname, updatedate, startdate, enddate, isactive) VALUES (13, 'Уровень автономного округа (устаревшее)', null, '1900-01-01', '1900-01-01', '2015-11-01', true);
INSERT INTO public.as_object_levels (level, name, shortname, updatedate, startdate, enddate, isactive) VALUES (14, 'Уровень внутригородской территории (устаревшее)', null, '1900-01-01', '1900-01-01', '2015-11-01', true);
INSERT INTO public.as_object_levels (level, name, shortname, updatedate, startdate, enddate, isactive) VALUES (15, 'Уровень дополнительных территорий (устаревшее)', null, '1900-01-01', '1900-01-01', '2015-11-01', true);
INSERT INTO public.as_object_levels (level, name, shortname, updatedate, startdate, enddate, isactive) VALUES (16, 'Уровень объектов на дополнительных территориях (устаревшее)', null, '1900-01-01', '1900-01-01', '2015-11-01', true);
INSERT INTO public.as_object_levels (level, name, shortname, updatedate, startdate, enddate, isactive) VALUES (17, 'Машино-место', null, '1900-01-01', '1900-01-01', '2079-06-06', true);
-- START as_addr_obj_types DATA
INSERT INTO public.as_addr_obj_types (id, level, shortname, name, description, updatedate, startdate, enddate, isactive) VALUES (5, 1, 'Аобл', 'Автономная область', 'Автономная область', '1900-01-01', '1900-01-01', '2015-11-05', true);
INSERT INTO public.as_addr_obj_types (id, level, shortname, name, description, updatedate, startdate, enddate, isactive) VALUES (2, 1, 'а.обл.', 'Автономная область', 'Автономная область', '2015-11-05', '2015-11-05', '2079-06-06', true);
INSERT INTO public.as_addr_obj_types (id, level, shortname, name, description, updatedate, startdate, enddate, isactive) VALUES (3, 1, 'а.окр.', 'Автономный округ', 'Автономный округ', '2015-11-05', '2015-11-05', '2079-06-06', true);
INSERT INTO public.as_addr_obj_types (id, level, shortname, name, description, updatedate, startdate, enddate, isactive) VALUES (4, 1, 'АО', 'Автономный округ', 'Автономный округ', '1900-01-01', '1900-01-01', '2015-11-05', true);
INSERT INTO public.as_addr_obj_types (id, level, shortname, name, description, updatedate, startdate, enddate, isactive) VALUES (6, 1, 'г', 'Город', 'Город', '1900-01-01', '1900-01-01', '2015-11-05', true);
INSERT INTO public.as_addr_obj_types (id, level, shortname, name, description, updatedate, startdate, enddate, isactive) VALUES (7, 1, 'г.', 'Город', 'Город', '2015-11-05', '2015-11-05', '2079-06-06', true);
INSERT INTO public.as_addr_obj_types (id, level, shortname, name, description, updatedate, startdate, enddate, isactive) VALUES (8, 1, 'г.ф.з.', 'Город федерального значения', 'Город федерального значения', '2015-11-05', '2015-11-05', '2079-06-06', true);
INSERT INTO public.as_addr_obj_types (id, level, shortname, name, description, updatedate, startdate, enddate, isactive) VALUES (9, 1, 'край', 'Край', 'Край', '1900-01-01', '1900-01-01', '2079-06-06', true);
INSERT INTO public.as_addr_obj_types (id, level, shortname, name, description, updatedate, startdate, enddate, isactive) VALUES (10, 1, 'обл', 'Область', 'Область', '1900-01-01', '1900-01-01', '2015-11-05', true);
INSERT INTO public.as_addr_obj_types (id, level, shortname, name, description, updatedate, startdate, enddate, isactive) VALUES (11, 1, 'обл.', 'Область', 'Область', '2015-11-05', '2015-11-05', '2079-06-06', true);
INSERT INTO public.as_addr_obj_types (id, level, shortname, name, description, updatedate, startdate, enddate, isactive) VALUES (12, 1, 'округ', 'Округ', 'Округ', '1900-01-01', '1900-01-01', '2015-11-05', true);
INSERT INTO public.as_addr_obj_types (id, level, shortname, name, description, updatedate, startdate, enddate, isactive) VALUES (14, 1, 'респ.', 'Республика', 'Республика', '2015-11-05', '2015-11-05', '2079-06-06', true);
INSERT INTO public.as_addr_obj_types (id, level, shortname, name, description, updatedate, startdate, enddate, isactive) VALUES (13, 1, 'Респ', 'Республика', 'Республика', '1900-01-01', '1900-01-01', '2015-11-05', true);
INSERT INTO public.as_addr_obj_types (id, level, shortname, name, description, updatedate, startdate, enddate, isactive) VALUES (15, 1, 'Чувашия', 'Чувашия', 'Чувашия', '1900-01-01', '1900-01-01', '2015-11-05', true);
INSERT INTO public.as_addr_obj_types (id, level, shortname, name, description, updatedate, startdate, enddate, isactive) VALUES (17, 2, 'АО', 'Автономный округ', 'Автономный округ', '1900-01-01', '1900-01-01', '2015-11-05', true);
INSERT INTO public.as_addr_obj_types (id, level, shortname, name, description, updatedate, startdate, enddate, isactive) VALUES (18, 2, 'вн.тер. г.', 'Внутригородская территория', 'Внутригородская территория', '2015-11-05', '2015-11-05', '2015-11-05', true);
INSERT INTO public.as_addr_obj_types (id, level, shortname, name, description, updatedate, startdate, enddate, isactive) VALUES (429, 2, 'г.', 'Город', 'Город', '2022-10-14', '2022-09-30', '2079-06-06', true);
INSERT INTO public.as_addr_obj_types (id, level, shortname, name, description, updatedate, startdate, enddate, isactive) VALUES (423, 2, 'г', 'Город', 'Город', '2022-10-14', '2015-11-05', '2022-09-30', true);
INSERT INTO public.as_addr_obj_types (id, level, shortname, name, description, updatedate, startdate, enddate, isactive) VALUES (19, 2, 'г.о.', 'Городской округ', 'Городской округ', '2015-11-05', '2015-11-05', '2015-11-05', true);
INSERT INTO public.as_addr_obj_types (id, level, shortname, name, description, updatedate, startdate, enddate, isactive) VALUES (20, 2, 'м.р-н', 'Муниципальный район', 'Муниципальный район', '2015-11-05', '2015-11-05', '2015-11-05', true);
INSERT INTO public.as_addr_obj_types (id, level, shortname, name, description, updatedate, startdate, enddate, isactive) VALUES (21, 2, 'п', 'Поселение', 'Поселение', '1900-01-01', '1900-01-01', '2015-11-05', true);
INSERT INTO public.as_addr_obj_types (id, level, shortname, name, description, updatedate, startdate, enddate, isactive) VALUES (22, 2, 'пос.', 'Поселение', 'Поселение', '2015-11-05', '2015-11-05', '2079-06-06', true);
INSERT INTO public.as_addr_obj_types (id, level, shortname, name, description, updatedate, startdate, enddate, isactive) VALUES (23, 2, 'р-н', 'Район', 'Район', '1900-01-01', '1900-01-01', '2079-06-06', true);
INSERT INTO public.as_addr_obj_types (id, level, shortname, name, description, updatedate, startdate, enddate, isactive) VALUES (24, 2, 'тер', 'Территория', 'Территория', '1900-01-01', '1900-01-01', '2015-11-05', true);
INSERT INTO public.as_addr_obj_types (id, level, shortname, name, description, updatedate, startdate, enddate, isactive) VALUES (25, 2, 'у', 'Улус', 'Улус', '1900-01-01', '1900-01-01', '2015-11-05', true);
INSERT INTO public.as_addr_obj_types (id, level, shortname, name, description, updatedate, startdate, enddate, isactive) VALUES (26, 2, 'у.', 'Улус', 'Улус', '2015-11-05', '2015-11-05', '2079-06-06', true);
INSERT INTO public.as_addr_obj_types (id, level, shortname, name, description, updatedate, startdate, enddate, isactive) VALUES (417, 3, 'вн.тер.г.', 'внутригородская территория (внутригородское муниципальное образование) города федерального значения', 'внутригородская территория (внутригородское муниципальное образование) города федерального значения', '2015-11-05', '2015-11-05', '2079-06-06', true);
INSERT INTO public.as_addr_obj_types (id, level, shortname, name, description, updatedate, startdate, enddate, isactive) VALUES (414, 3, 'г.о.', 'Городской округ', 'Городской округ', '2015-11-05', '2015-11-05', '2079-06-06', true);
INSERT INTO public.as_addr_obj_types (id, level, shortname, name, description, updatedate, startdate, enddate, isactive) VALUES (422, 3, 'м.о.', 'Муниципальный округ', 'Муниципальный округ', '2019-05-01', '2019-05-01', '2079-06-06', true);
INSERT INTO public.as_addr_obj_types (id, level, shortname, name, description, updatedate, startdate, enddate, isactive) VALUES (416, 3, 'м.р-н', 'Муниципальный район', 'Муниципальный район', '2015-11-05', '2015-11-05', '2079-06-06', true);
INSERT INTO public.as_addr_obj_types (id, level, shortname, name, description, updatedate, startdate, enddate, isactive) VALUES (427, 3, 'ф.т.', 'Федеральная территория', 'Федеральная территория', '2021-12-10', '2021-12-10', '2079-06-06', true);
INSERT INTO public.as_addr_obj_types (id, level, shortname, name, description, updatedate, startdate, enddate, isactive) VALUES (420, 4, 'вн.р-н', 'внутригородской район', 'внутригородской район', '2015-11-05', '2015-11-05', '2079-06-06', true);
INSERT INTO public.as_addr_obj_types (id, level, shortname, name, description, updatedate, startdate, enddate, isactive) VALUES (419, 4, 'г.п.', 'городское поселение', 'городское поселение', '2015-11-05', '2015-11-05', '2079-06-06', true);
INSERT INTO public.as_addr_obj_types (id, level, shortname, name, description, updatedate, startdate, enddate, isactive) VALUES (421, 4, 'межсел.тер.', 'межселенная территория', 'межселенная территория', '2015-11-05', '2015-11-05', '2079-06-06', true);
INSERT INTO public.as_addr_obj_types (id, level, shortname, name, description, updatedate, startdate, enddate, isactive) VALUES (418, 4, 'с.п.', 'сельское поселение', 'сельское поселение', '2015-11-05', '2015-11-05', '2079-06-06', true);
INSERT INTO public.as_addr_obj_types (id, level, shortname, name, description, updatedate, startdate, enddate, isactive) VALUES (27, 5, 'волость', 'Волость', 'Волость', '1900-01-01', '1900-01-01', '2015-11-05', true);
INSERT INTO public.as_addr_obj_types (id, level, shortname, name, description, updatedate, startdate, enddate, isactive) VALUES (29, 5, 'г.', 'Город', 'Город', '2015-11-05', '2015-11-05', '2079-06-06', true);
INSERT INTO public.as_addr_obj_types (id, level, shortname, name, description, updatedate, startdate, enddate, isactive) VALUES (28, 5, 'г', 'Город', 'Город', '1900-01-01', '1900-01-01', '2015-11-05', true);
INSERT INTO public.as_addr_obj_types (id, level, shortname, name, description, updatedate, startdate, enddate, isactive) VALUES (30, 5, 'дп', 'Дачный поселок', 'Дачный поселок', '1900-01-01', '1900-01-01', '2015-11-05', true);
INSERT INTO public.as_addr_obj_types (id, level, shortname, name, description, updatedate, startdate, enddate, isactive) VALUES (31, 5, 'кп', 'Курортный поселок', 'Курортный поселок', '1900-01-01', '1900-01-01', '2015-11-05', true);
INSERT INTO public.as_addr_obj_types (id, level, shortname, name, description, updatedate, startdate, enddate, isactive) VALUES (32, 5, 'массив', 'Массив', 'Массив', '1900-01-01', '1900-01-01', '2015-11-05', true);
INSERT INTO public.as_addr_obj_types (id, level, shortname, name, description, updatedate, startdate, enddate, isactive) VALUES (33, 5, 'п', 'Поселок', 'Поселок', '1900-01-01', '1900-01-01', '2015-11-05', true);
INSERT INTO public.as_addr_obj_types (id, level, shortname, name, description, updatedate, startdate, enddate, isactive) VALUES (36, 5, 'пгт.', 'Поселок городского типа', 'Поселок городского типа', '2015-11-05', '2015-11-05', '2079-06-06', true);
INSERT INTO public.as_addr_obj_types (id, level, shortname, name, description, updatedate, startdate, enddate, isactive) VALUES (35, 5, 'пгт', 'Поселок городского типа', 'Поселок городского типа', '1900-01-01', '1900-01-01', '2015-11-05', true);
INSERT INTO public.as_addr_obj_types (id, level, shortname, name, description, updatedate, startdate, enddate, isactive) VALUES (34, 5, 'п/о', 'Почтовое отделение', 'Почтовое отделение', '1900-01-01', '1900-01-01', '2015-11-05', true);
INSERT INTO public.as_addr_obj_types (id, level, shortname, name, description, updatedate, startdate, enddate, isactive) VALUES (37, 5, 'рп', 'Рабочий поселок', 'Рабочий поселок', '2022-10-14', '1900-01-01', '2022-09-30', true);
INSERT INTO public.as_addr_obj_types (id, level, shortname, name, description, updatedate, startdate, enddate, isactive) VALUES (430, 5, 'рп.', 'Рабочий поселок', 'Рабочий поселок', '2022-10-14', '2022-09-30', '2079-06-06', true);
INSERT INTO public.as_addr_obj_types (id, level, shortname, name, description, updatedate, startdate, enddate, isactive) VALUES (426, 5, 'с', 'Село', 'Село', '2022-10-14', '2021-04-08', '2022-09-30', true);
INSERT INTO public.as_addr_obj_types (id, level, shortname, name, description, updatedate, startdate, enddate, isactive) VALUES (431, 5, 'с.', 'Село', 'Село', '2022-10-14', '2022-09-30', '2079-06-06', true);
INSERT INTO public.as_addr_obj_types (id, level, shortname, name, description, updatedate, startdate, enddate, isactive) VALUES (38, 5, 'с/а', 'Сельская администрация', 'Сельская администрация', '1900-01-01', '1900-01-01', '2015-11-05', true);
INSERT INTO public.as_addr_obj_types (id, level, shortname, name, description, updatedate, startdate, enddate, isactive) VALUES (40, 5, 'с/о', 'Сельский округ', 'Сельский округ', '1900-01-01', '1900-01-01', '2015-11-05', true);
INSERT INTO public.as_addr_obj_types (id, level, shortname, name, description, updatedate, startdate, enddate, isactive) VALUES (39, 5, 'с/мо', 'Сельское муницип.образование', 'Сельское муниципальное образование', '1900-01-01', '1900-01-01', '2015-11-05', true);
INSERT INTO public.as_addr_obj_types (id, level, shortname, name, description, updatedate, startdate, enddate, isactive) VALUES (41, 5, 'с/п', 'Сельское поселение', 'Сельское поселение', '1900-01-01', '1900-01-01', '2015-11-05', true);
INSERT INTO public.as_addr_obj_types (id, level, shortname, name, description, updatedate, startdate, enddate, isactive) VALUES (42, 5, 'с/с', 'Сельсовет', 'Сельсовет', '1900-01-01', '1900-01-01', '2015-11-05', true);
INSERT INTO public.as_addr_obj_types (id, level, shortname, name, description, updatedate, startdate, enddate, isactive) VALUES (43, 5, 'тер', 'Территория', 'Территория', '1900-01-01', '1900-01-01', '2015-11-05', true);
INSERT INTO public.as_addr_obj_types (id, level, shortname, name, description, updatedate, startdate, enddate, isactive) VALUES (46, 6, 'аал', 'Аал', 'Аал', '1900-01-01', '1900-01-01', '2079-06-06', true);
INSERT INTO public.as_addr_obj_types (id, level, shortname, name, description, updatedate, startdate, enddate, isactive) VALUES (47, 6, 'автодорога', 'Автодорога', 'Автодорога', '1900-01-01', '1900-01-01', '2015-12-31', true);
INSERT INTO public.as_addr_obj_types (id, level, shortname, name, description, updatedate, startdate, enddate, isactive) VALUES (48, 6, 'арбан', 'Арбан', 'Арбан', '1900-01-01', '1900-01-01', '2079-06-06', true);
INSERT INTO public.as_addr_obj_types (id, level, shortname, name, description, updatedate, startdate, enddate, isactive) VALUES (49, 6, 'аул', 'Аул', 'Аул', '1900-01-01', '1900-01-01', '2079-06-06', true);
INSERT INTO public.as_addr_obj_types (id, level, shortname, name, description, updatedate, startdate, enddate, isactive) VALUES (50, 6, 'волость', 'Волость', 'Волость', '1900-01-01', '1900-01-01', '2015-11-05', true);
INSERT INTO public.as_addr_obj_types (id, level, shortname, name, description, updatedate, startdate, enddate, isactive) VALUES (432, 6, 'в-ки', 'Выселки', 'Выселки', '2022-10-14', '2022-09-30', '2079-06-06', true);
INSERT INTO public.as_addr_obj_types (id, level, shortname, name, description, updatedate, startdate, enddate, isactive) VALUES (51, 6, 'высел', 'Выселки(ок)', 'Выселки(ок)', '2022-10-14', '1900-01-01', '2022-09-30', true);
INSERT INTO public.as_addr_obj_types (id, level, shortname, name, description, updatedate, startdate, enddate, isactive) VALUES (52, 6, 'г', 'Город', 'Город', '1900-01-01', '1900-01-01', '2015-11-05', true);
INSERT INTO public.as_addr_obj_types (id, level, shortname, name, description, updatedate, startdate, enddate, isactive) VALUES (53, 6, 'г-к', 'Городок', 'Городок', '1900-01-01', '1900-01-01', '2079-06-06', true);
INSERT INTO public.as_addr_obj_types (id, level, shortname, name, description, updatedate, startdate, enddate, isactive) VALUES (433, 6, 'гп.', 'Городской поселок', 'Городской поселок', '2022-10-14', '2022-09-30', '2079-06-06', true);
INSERT INTO public.as_addr_obj_types (id, level, shortname, name, description, updatedate, startdate, enddate, isactive) VALUES (54, 6, 'гп', 'Городской поселок', 'Городской поселок', '2022-10-14', '1900-01-01', '2022-09-30', true);
INSERT INTO public.as_addr_obj_types (id, level, shortname, name, description, updatedate, startdate, enddate, isactive) VALUES (57, 6, 'дп.', 'Дачный поселок', 'Дачный поселок', '1900-01-01', '1900-01-01', '2079-06-06', true);
INSERT INTO public.as_addr_obj_types (id, level, shortname, name, description, updatedate, startdate, enddate, isactive) VALUES (56, 6, 'дп', 'Дачный поселок', 'Дачный поселок', '1900-01-01', '1900-01-01', '2019-02-14', true);
INSERT INTO public.as_addr_obj_types (id, level, shortname, name, description, updatedate, startdate, enddate, isactive) VALUES (434, 6, 'д.', 'Деревня', 'Деревня', '2022-10-14', '2022-09-30', '2079-06-06', true);
INSERT INTO public.as_addr_obj_types (id, level, shortname, name, description, updatedate, startdate, enddate, isactive) VALUES (55, 6, 'д', 'Деревня', 'Деревня', '2022-10-14', '1900-01-01', '2022-09-30', true);
INSERT INTO public.as_addr_obj_types (id, level, shortname, name, description, updatedate, startdate, enddate, isactive) VALUES (69, 6, 'ж/д_оп', 'ж/д останов. (обгонный) пункт', 'ж/д остановочный (обгонный) пункт', '1900-01-01', '1900-01-01', '2015-11-05', true);
INSERT INTO public.as_addr_obj_types (id, level, shortname, name, description, updatedate, startdate, enddate, isactive) VALUES (58, 6, 'ж/д б-ка', 'Железнодорожная будка', 'Железнодорожная будка', '2015-11-05', '2015-11-05', '2079-06-06', true);
INSERT INTO public.as_addr_obj_types (id, level, shortname, name, description, updatedate, startdate, enddate, isactive) VALUES (67, 6, 'ж/д_будка', 'Железнодорожная будка', 'Железнодорожная будка', '1900-01-01', '1900-01-01', '2015-11-05', true);
INSERT INTO public.as_addr_obj_types (id, level, shortname, name, description, updatedate, startdate, enddate, isactive) VALUES (60, 6, 'ж/д в-ка', 'Железнодорожная ветка', 'Железнодорожная ветка', '2019-02-14', '2019-02-14', '2079-06-06', true);
INSERT INTO public.as_addr_obj_types (id, level, shortname, name, description, updatedate, startdate, enddate, isactive) VALUES (68, 6, 'ж/д_казарм', 'Железнодорожная казарма', 'Железнодорожная казарма', '1900-01-01', '1900-01-01', '2019-02-14', true);
INSERT INTO public.as_addr_obj_types (id, level, shortname, name, description, updatedate, startdate, enddate, isactive) VALUES (61, 6, 'ж/д к-ма', 'Железнодорожная казарма', 'Железнодорожная казарма', '2019-02-14', '2019-02-14', '2079-06-06', true);
INSERT INTO public.as_addr_obj_types (id, level, shortname, name, description, updatedate, startdate, enddate, isactive) VALUES (70, 6, 'ж/д_платф', 'Железнодорожная платформа', 'Железнодорожная платформа', '1900-01-01', '1900-01-01', '2015-11-05', true);
INSERT INTO public.as_addr_obj_types (id, level, shortname, name, description, updatedate, startdate, enddate, isactive) VALUES (66, 6, 'ж/д пл-ма', 'Железнодорожная платформа', 'Железнодорожная платформа', '2015-11-05', '2015-11-05', '2079-06-06', true);
INSERT INTO public.as_addr_obj_types (id, level, shortname, name, description, updatedate, startdate, enddate, isactive) VALUES (65, 6, 'ж/д пл-ка', 'Железнодорожная площадка', 'Железнодорожная площадка', '1900-01-01', '1900-01-01', '2079-06-06', true);
INSERT INTO public.as_addr_obj_types (id, level, shortname, name, description, updatedate, startdate, enddate, isactive) VALUES (73, 6, 'ж/д_ст', 'Железнодорожная станция', 'Железнодорожная станция', '2022-10-14', '1900-01-01', '2022-09-30', true);
INSERT INTO public.as_addr_obj_types (id, level, shortname, name, description, updatedate, startdate, enddate, isactive) VALUES (435, 6, 'ж/д ст', 'Железнодорожная станция', 'Железнодорожная станция', '2022-10-14', '2022-09-30', '2079-06-06', true);
INSERT INTO public.as_addr_obj_types (id, level, shortname, name, description, updatedate, startdate, enddate, isactive) VALUES (59, 6, 'ж/д бл-ст', 'Железнодорожный блокпост', 'Железнодорожный блокпост', '2019-02-14', '2019-02-14', '2079-06-06', true);
INSERT INTO public.as_addr_obj_types (id, level, shortname, name, description, updatedate, startdate, enddate, isactive) VALUES (62, 6, 'ж/д к-т', 'Железнодорожный комбинат', 'Железнодорожный комбинат', '2019-02-14', '2019-02-14', '2079-06-06', true);
INSERT INTO public.as_addr_obj_types (id, level, shortname, name, description, updatedate, startdate, enddate, isactive) VALUES (63, 6, 'ж/д о.п.', 'Железнодорожный остановочный пункт', 'Железнодорожный остановочный пункт', '2019-02-14', '2019-02-14', '2079-06-06', true);
INSERT INTO public.as_addr_obj_types (id, level, shortname, name, description, updatedate, startdate, enddate, isactive) VALUES (71, 6, 'ж/д_пост', 'Железнодорожный пост', 'Железнодорожный пост', '1900-01-01', '1900-01-01', '2015-11-05', true);
INSERT INTO public.as_addr_obj_types (id, level, shortname, name, description, updatedate, startdate, enddate, isactive) VALUES (64, 6, 'ж/д п.п.', 'Железнодорожный путевой пост', 'Железнодорожный путевой пост', '2019-02-14', '2019-02-14', '2079-06-06', true);
INSERT INTO public.as_addr_obj_types (id, level, shortname, name, description, updatedate, startdate, enddate, isactive) VALUES (436, 6, 'ж/д рзд', 'Железнодорожный разъезд', 'Железнодорожный разъезд', '2022-10-14', '2022-09-30', '2079-06-06', true);
INSERT INTO public.as_addr_obj_types (id, level, shortname, name, description, updatedate, startdate, enddate, isactive) VALUES (72, 6, 'ж/д_рзд', 'Железнодорожный разъезд', 'Железнодорожный разъезд', '2022-10-14', '1900-01-01', '2022-09-30', true);
INSERT INTO public.as_addr_obj_types (id, level, shortname, name, description, updatedate, startdate, enddate, isactive) VALUES (74, 6, 'жилзона', 'Жилая зона', 'Жилая зона', '1900-01-01', '1900-01-01', '2015-11-05', true);
INSERT INTO public.as_addr_obj_types (id, level, shortname, name, description, updatedate, startdate, enddate, isactive) VALUES (75, 6, 'жилрайон', 'Жилой район', 'Жилой район', '1900-01-01', '1900-01-01', '2015-11-05', true);
INSERT INTO public.as_addr_obj_types (id, level, shortname, name, description, updatedate, startdate, enddate, isactive) VALUES (437, 6, 'з-ка', 'Заимка', 'Заимка', '2022-10-14', '2022-09-30', '2079-06-06', true);
INSERT INTO public.as_addr_obj_types (id, level, shortname, name, description, updatedate, startdate, enddate, isactive) VALUES (76, 6, 'заимка', 'Заимка', 'Заимка', '2022-10-14', '1900-01-01', '2022-09-30', true);
INSERT INTO public.as_addr_obj_types (id, level, shortname, name, description, updatedate, startdate, enddate, isactive) VALUES (77, 6, 'зим.', 'Зимовье', 'Зимовье', '2019-02-14', '2019-02-14', '2079-06-06', true);
INSERT INTO public.as_addr_obj_types (id, level, shortname, name, description, updatedate, startdate, enddate, isactive) VALUES (78, 6, 'казарма', 'Казарма', 'Казарма', '1900-01-01', '1900-01-01', '2015-11-05', true);
INSERT INTO public.as_addr_obj_types (id, level, shortname, name, description, updatedate, startdate, enddate, isactive) VALUES (79, 6, 'кв-л', 'Квартал', 'Квартал', '1900-01-01', '1900-01-01', '2019-02-14', true);
INSERT INTO public.as_addr_obj_types (id, level, shortname, name, description, updatedate, startdate, enddate, isactive) VALUES (80, 6, 'киш.', 'Кишлак', 'Кишлак', '2019-02-14', '2019-02-14', '2079-06-06', true);
INSERT INTO public.as_addr_obj_types (id, level, shortname, name, description, updatedate, startdate, enddate, isactive) VALUES (81, 6, 'кордон', 'Кордон', 'Кордон', '1900-01-01', '1900-01-01', '2015-11-05', true);
INSERT INTO public.as_addr_obj_types (id, level, shortname, name, description, updatedate, startdate, enddate, isactive) VALUES (82, 6, 'кп', 'Курортный поселок', 'Курортный поселок', '2022-10-14', '1900-01-01', '2022-09-30', true);
INSERT INTO public.as_addr_obj_types (id, level, shortname, name, description, updatedate, startdate, enddate, isactive) VALUES (438, 6, 'кп.', 'Курортный поселок', 'Курортный поселок', '2022-10-14', '2022-09-30', '2079-06-06', true);
INSERT INTO public.as_addr_obj_types (id, level, shortname, name, description, updatedate, startdate, enddate, isactive) VALUES (83, 6, 'лпх', 'Леспромхоз', 'Леспромхоз', '1900-01-01', '1900-01-01', '2015-11-05', true);
INSERT INTO public.as_addr_obj_types (id, level, shortname, name, description, updatedate, startdate, enddate, isactive) VALUES (85, 6, 'массив', 'Массив', 'Массив', '1900-01-01', '1900-01-01', '2015-11-05', true);
INSERT INTO public.as_addr_obj_types (id, level, shortname, name, description, updatedate, startdate, enddate, isactive) VALUES (84, 6, 'м', 'Местечко', 'Местечко', '2022-10-14', '1900-01-01', '2022-09-30', true);
INSERT INTO public.as_addr_obj_types (id, level, shortname, name, description, updatedate, startdate, enddate, isactive) VALUES (439, 6, 'м-ко', 'Местечко', 'Местечко', '2022-10-14', '2022-09-30', '2079-06-06', true);
INSERT INTO public.as_addr_obj_types (id, level, shortname, name, description, updatedate, startdate, enddate, isactive) VALUES (86, 6, 'мкр', 'Микрорайон', 'Микрорайон', '1900-01-01', '1900-01-01', '2019-02-14', true);
INSERT INTO public.as_addr_obj_types (id, level, shortname, name, description, updatedate, startdate, enddate, isactive) VALUES (87, 6, 'нп', 'Населенный пункт', 'Населенный пункт', '1900-01-01', '1900-01-01', '2019-02-14', true);
INSERT INTO public.as_addr_obj_types (id, level, shortname, name, description, updatedate, startdate, enddate, isactive) VALUES (88, 6, 'нп.', 'Населенный пункт', 'Населенный пункт', '1900-01-01', '1900-01-01', '2079-06-06', true);
INSERT INTO public.as_addr_obj_types (id, level, shortname, name, description, updatedate, startdate, enddate, isactive) VALUES (89, 6, 'остров', 'Остров', 'Остров', '1900-01-01', '1900-01-01', '2015-11-05', true);
INSERT INTO public.as_addr_obj_types (id, level, shortname, name, description, updatedate, startdate, enddate, isactive) VALUES (93, 6, 'пл.р-н', 'Планировочный район', 'Планировочный район', '2020-08-11', '1900-01-01', '2015-11-05', true);
INSERT INTO public.as_addr_obj_types (id, level, shortname, name, description, updatedate, startdate, enddate, isactive) VALUES (97, 6, 'погост', 'Погост', 'Погост', '1900-01-01', '1900-01-01', '2015-11-05', true);
INSERT INTO public.as_addr_obj_types (id, level, shortname, name, description, updatedate, startdate, enddate, isactive) VALUES (90, 6, 'п', 'Поселок', 'Поселок', '2022-10-14', '1900-01-01', '2022-09-30', true);
INSERT INTO public.as_addr_obj_types (id, level, shortname, name, description, updatedate, startdate, enddate, isactive) VALUES (440, 6, 'п.', 'Поселок', 'Поселок', '2022-10-14', '2022-09-30', '2079-06-06', true);
INSERT INTO public.as_addr_obj_types (id, level, shortname, name, description, updatedate, startdate, enddate, isactive) VALUES (96, 6, 'пгт.', 'Поселок городского типа', 'Поселок городского типа', '2015-11-05', '2015-11-05', '2079-06-06', true);
INSERT INTO public.as_addr_obj_types (id, level, shortname, name, description, updatedate, startdate, enddate, isactive) VALUES (95, 6, 'пгт', 'Поселок городского типа', 'Поселок городского типа', '1900-01-01', '1900-01-01', '2015-11-05', true);
INSERT INTO public.as_addr_obj_types (id, level, shortname, name, description, updatedate, startdate, enddate, isactive) VALUES (94, 6, 'п/ст', 'Поселок и(при) станция(и)', 'Поселок и(при) станция(и)', '1900-01-01', '1900-01-01', '2015-11-05', false);
INSERT INTO public.as_addr_obj_types (id, level, shortname, name, description, updatedate, startdate, enddate, isactive) VALUES (91, 6, 'п. ж/д ст.', 'Поселок при железнодорожной станции', 'Поселок при железнодорожной станции', '2019-02-14', '2019-02-14', '2079-06-06', true);
INSERT INTO public.as_addr_obj_types (id, level, shortname, name, description, updatedate, startdate, enddate, isactive) VALUES (425, 6, 'п. ст.', 'Поселок при станции (поселок станции)', 'Поселок при станции (поселок станции)', '2020-10-15', '2015-11-05', '2079-06-06', true);
INSERT INTO public.as_addr_obj_types (id, level, shortname, name, description, updatedate, startdate, enddate, isactive) VALUES (441, 6, 'пос.рзд.', 'Поселок разъезда', 'Поселок разъезда', '2022-10-14', '2022-09-30', '2079-06-06', true);
INSERT INTO public.as_addr_obj_types (id, level, shortname, name, description, updatedate, startdate, enddate, isactive) VALUES (98, 6, 'пос.рзд', 'Поселок разъезда', 'Поселок разъезда', '2022-10-14', '1900-01-01', '2022-09-30', true);
INSERT INTO public.as_addr_obj_types (id, level, shortname, name, description, updatedate, startdate, enddate, isactive) VALUES (442, 6, 'п-к', 'Починок', 'Починок', '2022-10-14', '2022-09-30', '2079-06-06', true);
INSERT INTO public.as_addr_obj_types (id, level, shortname, name, description, updatedate, startdate, enddate, isactive) VALUES (99, 6, 'починок', 'Починок', 'Починок', '2022-10-14', '1900-01-01', '2022-09-30', true);
INSERT INTO public.as_addr_obj_types (id, level, shortname, name, description, updatedate, startdate, enddate, isactive) VALUES (92, 6, 'п/о', 'Почтовое отделение', 'Почтовое отделение', '1900-01-01', '1900-01-01', '2015-11-05', true);
INSERT INTO public.as_addr_obj_types (id, level, shortname, name, description, updatedate, startdate, enddate, isactive) VALUES (100, 6, 'промзона', 'Промышленная зона', 'Промышленная зона', '1900-01-01', '1900-01-01', '2015-11-05', true);
INSERT INTO public.as_addr_obj_types (id, level, shortname, name, description, updatedate, startdate, enddate, isactive) VALUES (102, 6, 'рп', 'Рабочий поселок', 'Рабочий поселок', '2022-10-14', '1900-01-01', '2022-09-30', true);
INSERT INTO public.as_addr_obj_types (id, level, shortname, name, description, updatedate, startdate, enddate, isactive) VALUES (443, 6, 'рп.', 'Рабочий поселок', 'Рабочий поселок', '2022-10-14', '2022-09-30', '2079-06-06', true);
INSERT INTO public.as_addr_obj_types (id, level, shortname, name, description, updatedate, startdate, enddate, isactive) VALUES (444, 6, 'рзд.', 'Разъезд', 'Разъезд', '2022-10-14', '2022-09-30', '2079-06-06', true);
INSERT INTO public.as_addr_obj_types (id, level, shortname, name, description, updatedate, startdate, enddate, isactive) VALUES (101, 6, 'рзд', 'Разъезд', 'Разъезд', '2022-10-14', '1900-01-01', '2022-09-30', true);
INSERT INTO public.as_addr_obj_types (id, level, shortname, name, description, updatedate, startdate, enddate, isactive) VALUES (105, 6, 'снт', 'Садовое неком-е товарищество', 'Садовое некоммерческое товарищество', '1900-01-01', '1900-01-01', '2019-02-14', true);
INSERT INTO public.as_addr_obj_types (id, level, shortname, name, description, updatedate, startdate, enddate, isactive) VALUES (445, 6, 'с.', 'Село', 'Село', '2022-10-14', '2022-09-30', '2079-06-06', true);
INSERT INTO public.as_addr_obj_types (id, level, shortname, name, description, updatedate, startdate, enddate, isactive) VALUES (103, 6, 'с', 'Село', 'Село', '2022-10-14', '1900-01-01', '2022-09-30', true);
INSERT INTO public.as_addr_obj_types (id, level, shortname, name, description, updatedate, startdate, enddate, isactive) VALUES (107, 6, 'сп.', 'Сельский поселок', 'Сельский поселок', '2019-07-22', '2019-07-22', '2079-06-06', true);
INSERT INTO public.as_addr_obj_types (id, level, shortname, name, description, updatedate, startdate, enddate, isactive) VALUES (148, 8, 'маяк', 'Маяк', 'Маяк', '1900-01-01', '1900-01-01', '2015-11-05', true);
INSERT INTO public.as_addr_obj_types (id, level, shortname, name, description, updatedate, startdate, enddate, isactive) VALUES (106, 6, 'сп', 'Сельский поселок', 'Сельский поселок', '1900-01-01', '1900-01-01', '2019-07-22', true);
INSERT INTO public.as_addr_obj_types (id, level, shortname, name, description, updatedate, startdate, enddate, isactive) VALUES (104, 6, 'сл', 'Слобода', 'Слобода', '2022-10-14', '1900-01-01', '2022-09-30', true);
INSERT INTO public.as_addr_obj_types (id, level, shortname, name, description, updatedate, startdate, enddate, isactive) VALUES (446, 6, 'сл.', 'Слобода', 'Слобода', '2022-10-14', '2022-09-30', '2079-06-06', true);
INSERT INTO public.as_addr_obj_types (id, level, shortname, name, description, updatedate, startdate, enddate, isactive) VALUES (109, 6, 'ст-ца', 'Станица', 'Станица', '1900-01-01', '1900-01-01', '2079-06-06', true);
INSERT INTO public.as_addr_obj_types (id, level, shortname, name, description, updatedate, startdate, enddate, isactive) VALUES (108, 6, 'ст', 'Станция', 'Станция', '2022-10-14', '1900-01-01', '2022-09-30', true);
INSERT INTO public.as_addr_obj_types (id, level, shortname, name, description, updatedate, startdate, enddate, isactive) VALUES (447, 6, 'ст.', 'Станция', 'Станция', '2022-10-14', '2022-09-30', '2079-06-06', true);
INSERT INTO public.as_addr_obj_types (id, level, shortname, name, description, updatedate, startdate, enddate, isactive) VALUES (110, 6, 'тер', 'Территория', 'Территория', '1900-01-01', '1900-01-01', '2015-11-05', true);
INSERT INTO public.as_addr_obj_types (id, level, shortname, name, description, updatedate, startdate, enddate, isactive) VALUES (448, 6, 'у.', 'Улус', 'Улус', '2022-10-14', '2022-09-30', '2079-06-06', true);
INSERT INTO public.as_addr_obj_types (id, level, shortname, name, description, updatedate, startdate, enddate, isactive) VALUES (111, 6, 'у', 'Улус', 'Улус', '2022-10-14', '1900-01-01', '2022-09-30', true);
INSERT INTO public.as_addr_obj_types (id, level, shortname, name, description, updatedate, startdate, enddate, isactive) VALUES (449, 6, 'х.', 'Хутор', 'Хутор', '2022-10-14', '2022-09-30', '2079-06-06', true);
INSERT INTO public.as_addr_obj_types (id, level, shortname, name, description, updatedate, startdate, enddate, isactive) VALUES (112, 6, 'х', 'Хутор', 'Хутор', '2022-10-14', '1900-01-01', '2022-09-30', true);
INSERT INTO public.as_addr_obj_types (id, level, shortname, name, description, updatedate, startdate, enddate, isactive) VALUES (241, 7, 'аал', 'Аал', 'Аал', '2015-11-05', '2015-11-05', '2017-02-14', true);
INSERT INTO public.as_addr_obj_types (id, level, shortname, name, description, updatedate, startdate, enddate, isactive) VALUES (240, 7, 'а/я', 'Абонентский ящик', 'Абонентский ящик', '2015-11-05', '2015-11-05', '2017-02-14', true);
INSERT INTO public.as_addr_obj_types (id, level, shortname, name, description, updatedate, startdate, enddate, isactive) VALUES (242, 7, 'ал.', 'Аллея', 'Аллея', '2015-11-05', '2015-11-05', '2017-02-14', true);
INSERT INTO public.as_addr_obj_types (id, level, shortname, name, description, updatedate, startdate, enddate, isactive) VALUES (243, 7, 'арбан', 'Арбан', 'Арбан', '2015-11-05', '2015-11-05', '2017-02-14', true);
INSERT INTO public.as_addr_obj_types (id, level, shortname, name, description, updatedate, startdate, enddate, isactive) VALUES (244, 7, 'аул', 'Аул', 'Аул', '2015-11-05', '2015-11-05', '2017-02-14', true);
INSERT INTO public.as_addr_obj_types (id, level, shortname, name, description, updatedate, startdate, enddate, isactive) VALUES (245, 7, 'б-г', 'Берег', 'Берег', '2015-11-05', '2015-11-05', '2018-12-14', true);
INSERT INTO public.as_addr_obj_types (id, level, shortname, name, description, updatedate, startdate, enddate, isactive) VALUES (246, 7, 'б-р', 'Бульвар', 'Бульвар', '2015-11-05', '2015-11-05', '2017-02-14', true);
INSERT INTO public.as_addr_obj_types (id, level, shortname, name, description, updatedate, startdate, enddate, isactive) VALUES (247, 7, 'вал', 'Вал', 'Вал', '2015-11-05', '2015-11-05', '2079-06-06', true);
INSERT INTO public.as_addr_obj_types (id, level, shortname, name, description, updatedate, startdate, enddate, isactive) VALUES (248, 7, 'взд.', 'Въезд', 'Въезд', '2015-11-05', '2015-11-05', '2017-02-14', true);
INSERT INTO public.as_addr_obj_types (id, level, shortname, name, description, updatedate, startdate, enddate, isactive) VALUES (250, 7, 'гск', 'Гаражно-строительный кооп.', 'Гаражно-строительный кооператив', '1900-01-01', '1900-01-01', '2017-02-14', true);
INSERT INTO public.as_addr_obj_types (id, level, shortname, name, description, updatedate, startdate, enddate, isactive) VALUES (249, 7, 'г-к', 'Городок', 'Городок', '2015-11-05', '2015-11-05', '2017-02-14', true);
INSERT INTO public.as_addr_obj_types (id, level, shortname, name, description, updatedate, startdate, enddate, isactive) VALUES (252, 7, 'днп', 'Дачное неком-е партнерство', 'Дачное некоммерческое партнерство', '1900-01-01', '1900-01-01', '2017-02-14', true);
INSERT INTO public.as_addr_obj_types (id, level, shortname, name, description, updatedate, startdate, enddate, isactive) VALUES (251, 7, 'д.', 'Деревня', 'Деревня', '2015-11-05', '2015-11-05', '2017-02-14', true);
INSERT INTO public.as_addr_obj_types (id, level, shortname, name, description, updatedate, startdate, enddate, isactive) VALUES (253, 7, 'дор.', 'Дорога', 'Дорога', '2015-11-05', '2015-11-05', '2017-02-14', true);
INSERT INTO public.as_addr_obj_types (id, level, shortname, name, description, updatedate, startdate, enddate, isactive) VALUES (254, 7, 'ж/д б-ка', 'Железнодорожная будка', 'Железнодорожная будка', '2015-11-05', '2015-11-05', '2017-02-14', true);
INSERT INTO public.as_addr_obj_types (id, level, shortname, name, description, updatedate, startdate, enddate, isactive) VALUES (255, 7, 'ж/д к-ма', 'Железнодорожная казарма', 'Железнодорожная казарма', '2015-11-05', '2015-11-05', '2017-02-14', true);
INSERT INTO public.as_addr_obj_types (id, level, shortname, name, description, updatedate, startdate, enddate, isactive) VALUES (256, 7, 'ж/д пл-ма', 'Железнодорожная платформа', 'Железнодорожная платформа', '2015-11-05', '2015-11-05', '2017-02-14', true);
INSERT INTO public.as_addr_obj_types (id, level, shortname, name, description, updatedate, startdate, enddate, isactive) VALUES (258, 7, 'ж/д ст.', 'Железнодорожная станция', 'Железнодорожная станция', '2015-11-05', '2015-11-05', '2017-02-14', true);
INSERT INTO public.as_addr_obj_types (id, level, shortname, name, description, updatedate, startdate, enddate, isactive) VALUES (257, 7, 'ж/д рзд.', 'Железнодорожный разъезд', 'Железнодорожный разъезд', '2015-11-05', '2015-11-05', '2017-02-14', true);
INSERT INTO public.as_addr_obj_types (id, level, shortname, name, description, updatedate, startdate, enddate, isactive) VALUES (259, 7, 'ж/р', 'Жилой район', 'Жилой район', '2015-11-05', '2015-11-05', '2018-12-14', true);
INSERT INTO public.as_addr_obj_types (id, level, shortname, name, description, updatedate, startdate, enddate, isactive) VALUES (260, 7, 'ззд.', 'Заезд', 'Заезд', '2015-11-05', '2015-11-05', '2017-02-14', true);
INSERT INTO public.as_addr_obj_types (id, level, shortname, name, description, updatedate, startdate, enddate, isactive) VALUES (261, 7, 'зона', 'Зона (массив)', 'Зона (массив)', '2015-11-05', '2015-11-05', '2079-06-06', true);
INSERT INTO public.as_addr_obj_types (id, level, shortname, name, description, updatedate, startdate, enddate, isactive) VALUES (262, 7, 'кв-л', 'Квартал', 'Квартал', '2015-11-05', '2015-11-05', '2079-06-06', true);
INSERT INTO public.as_addr_obj_types (id, level, shortname, name, description, updatedate, startdate, enddate, isactive) VALUES (263, 7, 'км', 'Километр', 'Километр', '2015-11-05', '2015-11-05', '2017-02-14', true);
INSERT INTO public.as_addr_obj_types (id, level, shortname, name, description, updatedate, startdate, enddate, isactive) VALUES (265, 7, 'к-цо', 'Кольцо', 'Кольцо', '2015-11-05', '2015-11-05', '2017-02-14', true);
INSERT INTO public.as_addr_obj_types (id, level, shortname, name, description, updatedate, startdate, enddate, isactive) VALUES (264, 7, 'коса', 'Коса', 'Коса', '2015-11-05', '2015-11-05', '2017-02-14', true);
INSERT INTO public.as_addr_obj_types (id, level, shortname, name, description, updatedate, startdate, enddate, isactive) VALUES (266, 7, 'лн.', 'Линия', 'Линия', '2015-11-05', '2015-11-05', '2017-02-14', true);
INSERT INTO public.as_addr_obj_types (id, level, shortname, name, description, updatedate, startdate, enddate, isactive) VALUES (269, 7, 'м-ко', 'Местечко', 'Местечко', '2015-11-05', '2015-11-05', '2017-02-14', true);
INSERT INTO public.as_addr_obj_types (id, level, shortname, name, description, updatedate, startdate, enddate, isactive) VALUES (267, 7, 'местность', 'Местность', 'Местность', '1900-01-01', '1900-01-01', '2017-02-14', true);
INSERT INTO public.as_addr_obj_types (id, level, shortname, name, description, updatedate, startdate, enddate, isactive) VALUES (272, 7, 'мр.', 'Месторождение', 'Месторождение', '2019-02-14', '2019-02-14', '2079-06-06', true);
INSERT INTO public.as_addr_obj_types (id, level, shortname, name, description, updatedate, startdate, enddate, isactive) VALUES (268, 7, 'месторожд.', 'Месторождение', 'Месторождение', '1900-01-01', '1900-01-01', '2018-12-14', true);
INSERT INTO public.as_addr_obj_types (id, level, shortname, name, description, updatedate, startdate, enddate, isactive) VALUES (271, 7, 'мкр.', 'Микрорайон', 'Микрорайон', '2015-11-05', '2015-11-05', '2079-06-06', true);
INSERT INTO public.as_addr_obj_types (id, level, shortname, name, description, updatedate, startdate, enddate, isactive) VALUES (270, 7, 'мкр', 'Микрорайон', 'Микрорайон', '1900-01-01', '1900-01-01', '2017-02-15', true);
INSERT INTO public.as_addr_obj_types (id, level, shortname, name, description, updatedate, startdate, enddate, isactive) VALUES (274, 7, 'наб.', 'Набережная', 'Набережная', '2015-11-05', '2015-11-05', '2079-06-06', true);
INSERT INTO public.as_addr_obj_types (id, level, shortname, name, description, updatedate, startdate, enddate, isactive) VALUES (273, 7, 'н/п', 'Некоммерческое партнерство', 'Некоммерческое партнерство', '1900-01-01', '1900-01-01', '2017-02-14', true);
INSERT INTO public.as_addr_obj_types (id, level, shortname, name, description, updatedate, startdate, enddate, isactive) VALUES (275, 7, 'ост-в', 'Остров', 'Остров', '2015-11-05', '2015-11-05', '2079-06-06', true);
INSERT INTO public.as_addr_obj_types (id, level, shortname, name, description, updatedate, startdate, enddate, isactive) VALUES (278, 7, 'парк', 'Парк', 'Парк', '2015-11-05', '2015-11-05', '2079-06-06', true);
INSERT INTO public.as_addr_obj_types (id, level, shortname, name, description, updatedate, startdate, enddate, isactive) VALUES (280, 7, 'пер-д', 'Переезд', 'Переезд', '2015-11-05', '2015-11-05', '2017-02-14', true);
INSERT INTO public.as_addr_obj_types (id, level, shortname, name, description, updatedate, startdate, enddate, isactive) VALUES (279, 7, 'пер.', 'Переулок', 'Переулок', '2015-11-05', '2015-11-05', '2017-02-14', true);
INSERT INTO public.as_addr_obj_types (id, level, shortname, name, description, updatedate, startdate, enddate, isactive) VALUES (283, 7, 'платф.', 'Платформа', 'Платформа', '2015-11-05', '2015-11-05', '2018-12-14', true);
INSERT INTO public.as_addr_obj_types (id, level, shortname, name, description, updatedate, startdate, enddate, isactive) VALUES (284, 7, 'пл-ка', 'Площадка', 'Площадка', '2015-11-05', '2015-11-05', '2017-02-14', true);
INSERT INTO public.as_addr_obj_types (id, level, shortname, name, description, updatedate, startdate, enddate, isactive) VALUES (282, 7, 'пл.', 'Площадь', 'Площадь', '2015-11-05', '2015-11-05', '2017-02-14', true);
INSERT INTO public.as_addr_obj_types (id, level, shortname, name, description, updatedate, startdate, enddate, isactive) VALUES (285, 7, 'порт', 'Порт', 'Порт', '1900-01-01', '1900-01-01', '2079-06-06', true);
INSERT INTO public.as_addr_obj_types (id, level, shortname, name, description, updatedate, startdate, enddate, isactive) VALUES (276, 7, 'п.', 'Поселок', 'Поселок', '2015-11-05', '2015-11-05', '2017-02-14', true);
INSERT INTO public.as_addr_obj_types (id, level, shortname, name, description, updatedate, startdate, enddate, isactive) VALUES (281, 7, 'п-к', 'Починок', 'Починок', '2015-11-05', '2015-11-05', '2017-02-14', true);
INSERT INTO public.as_addr_obj_types (id, level, shortname, name, description, updatedate, startdate, enddate, isactive) VALUES (286, 7, 'пр-д', 'Проезд', 'Проезд', '2015-11-05', '2015-11-05', '2017-02-14', true);
INSERT INTO public.as_addr_obj_types (id, level, shortname, name, description, updatedate, startdate, enddate, isactive) VALUES (291, 7, 'промзона', 'Промышленная зона', 'Промышленная зона', '1900-01-01', '1900-01-01', '2017-02-14', true);
INSERT INTO public.as_addr_obj_types (id, level, shortname, name, description, updatedate, startdate, enddate, isactive) VALUES (277, 7, 'п/р', 'Промышленный район', 'Промышленный район', '2015-11-05', '2015-11-05', '2018-12-14', true);
INSERT INTO public.as_addr_obj_types (id, level, shortname, name, description, updatedate, startdate, enddate, isactive) VALUES (287, 7, 'пр-к', 'Просек', 'Просек', '2015-11-05', '2015-11-05', '2017-02-14', true);
INSERT INTO public.as_addr_obj_types (id, level, shortname, name, description, updatedate, startdate, enddate, isactive) VALUES (288, 7, 'пр-ка', 'Просека', 'Просека', '2015-11-05', '2015-11-05', '2017-02-14', true);
INSERT INTO public.as_addr_obj_types (id, level, shortname, name, description, updatedate, startdate, enddate, isactive) VALUES (290, 7, 'пр-лок', 'Проселок', 'Проселок', '2015-11-05', '2015-11-05', '2017-02-14', true);
INSERT INTO public.as_addr_obj_types (id, level, shortname, name, description, updatedate, startdate, enddate, isactive) VALUES (289, 7, 'пр-кт', 'Проспект', 'Проспект', '2015-11-05', '2015-11-05', '2017-02-14', true);
INSERT INTO public.as_addr_obj_types (id, level, shortname, name, description, updatedate, startdate, enddate, isactive) VALUES (292, 7, 'проул.', 'Проулок', 'Проулок', '2015-11-05', '2015-11-05', '2017-02-14', true);
INSERT INTO public.as_addr_obj_types (id, level, shortname, name, description, updatedate, startdate, enddate, isactive) VALUES (293, 7, 'рзд.', 'Разъезд', 'Разъезд', '2015-11-05', '2015-11-05', '2017-02-14', true);
INSERT INTO public.as_addr_obj_types (id, level, shortname, name, description, updatedate, startdate, enddate, isactive) VALUES (294, 7, 'р-н', 'Район', 'Район', '2015-11-05', '2015-11-05', '2079-06-06', true);
INSERT INTO public.as_addr_obj_types (id, level, shortname, name, description, updatedate, startdate, enddate, isactive) VALUES (296, 7, 'сад', 'Сад', 'Сад', '1900-01-01', '1900-01-01', '2079-06-06', true);
INSERT INTO public.as_addr_obj_types (id, level, shortname, name, description, updatedate, startdate, enddate, isactive) VALUES (428, 7, 'с/т', 'Садовое товарищество', 'Садовое товарищество', '1900-01-01', '1900-01-01', '2017-02-14', true);
INSERT INTO public.as_addr_obj_types (id, level, shortname, name, description, updatedate, startdate, enddate, isactive) VALUES (300, 7, 'снт', 'Садовое товарищество', 'Садовое товарищество', '1900-01-01', '1900-01-01', '2017-02-14', false);
INSERT INTO public.as_addr_obj_types (id, level, shortname, name, description, updatedate, startdate, enddate, isactive) VALUES (295, 7, 'с.', 'Село', 'Село', '2015-11-05', '2015-11-05', '2017-02-14', true);
INSERT INTO public.as_addr_obj_types (id, level, shortname, name, description, updatedate, startdate, enddate, isactive) VALUES (298, 7, 'сквер', 'Сквер', 'Сквер', '2015-11-05', '2015-11-05', '2079-06-06', true);
INSERT INTO public.as_addr_obj_types (id, level, shortname, name, description, updatedate, startdate, enddate, isactive) VALUES (301, 7, 'с-р', 'Сквер', 'Сквер', '2015-11-05', '2015-11-05', '2017-02-14', true);
INSERT INTO public.as_addr_obj_types (id, level, shortname, name, description, updatedate, startdate, enddate, isactive) VALUES (299, 7, 'сл.', 'Слобода', 'Слобода', '2015-11-05', '2015-11-05', '2017-02-14', true);
INSERT INTO public.as_addr_obj_types (id, level, shortname, name, description, updatedate, startdate, enddate, isactive) VALUES (297, 7, 'с-к', 'Спуск', 'Спуск', '2015-11-05', '2015-11-05', '2017-02-14', true);
INSERT INTO public.as_addr_obj_types (id, level, shortname, name, description, updatedate, startdate, enddate, isactive) VALUES (302, 7, 'ст.', 'Станция', 'Станция', '2015-11-05', '2015-11-05', '2017-02-14', true);
INSERT INTO public.as_addr_obj_types (id, level, shortname, name, description, updatedate, startdate, enddate, isactive) VALUES (303, 7, 'стр.', 'Строение', 'Строение', '2015-11-05', '2015-11-05', '2017-02-14', true);
INSERT INTO public.as_addr_obj_types (id, level, shortname, name, description, updatedate, startdate, enddate, isactive) VALUES (304, 7, 'тер', 'Территория', 'Территория', '1900-01-01', '1900-01-01', '2017-02-15', true);
INSERT INTO public.as_addr_obj_types (id, level, shortname, name, description, updatedate, startdate, enddate, isactive) VALUES (305, 7, 'тер.', 'Территория', 'Территория', '2015-11-05', '2015-11-05', '2079-06-06', true);
INSERT INTO public.as_addr_obj_types (id, level, shortname, name, description, updatedate, startdate, enddate, isactive) VALUES (306, 7, 'тер. ГСК', 'Территория ГСК', 'Территория ГСК', '2015-11-05', '2015-11-05', '2018-12-14', true);
INSERT INTO public.as_addr_obj_types (id, level, shortname, name, description, updatedate, startdate, enddate, isactive) VALUES (307, 7, 'тер. ДНО', 'Территория ДНО', 'Территория дачных некоммерческих объединений граждан', '2015-11-05', '2015-11-05', '2019-02-14', true);
INSERT INTO public.as_addr_obj_types (id, level, shortname, name, description, updatedate, startdate, enddate, isactive) VALUES (308, 7, 'тер. ДНП', 'Территория ДНП', 'Территория дачных некоммерческих партнерств', '2015-11-05', '2015-11-05', '2019-02-14', true);
INSERT INTO public.as_addr_obj_types (id, level, shortname, name, description, updatedate, startdate, enddate, isactive) VALUES (309, 7, 'тер. ДНТ', 'Территория ДНТ', 'Территория дачных некоммерческих товариществ', '2015-11-05', '2015-11-05', '2019-02-14', true);
INSERT INTO public.as_addr_obj_types (id, level, shortname, name, description, updatedate, startdate, enddate, isactive) VALUES (310, 7, 'тер. ДПК', 'Территория ДПК', 'Территория дачных потребительских кооперативов', '2015-11-05', '2015-11-05', '2019-02-14', true);
INSERT INTO public.as_addr_obj_types (id, level, shortname, name, description, updatedate, startdate, enddate, isactive) VALUES (311, 7, 'тер. ОНО', 'Территория ОНО', 'Территория огороднических некоммерческих объединений граждан', '2015-11-05', '2015-11-05', '2019-02-14', true);
INSERT INTO public.as_addr_obj_types (id, level, shortname, name, description, updatedate, startdate, enddate, isactive) VALUES (312, 7, 'тер. ОНП', 'Территория ОНП', 'Территория огороднических некоммерческих партнерств', '2015-11-05', '2015-11-05', '2019-02-14', true);
INSERT INTO public.as_addr_obj_types (id, level, shortname, name, description, updatedate, startdate, enddate, isactive) VALUES (313, 7, 'тер. ОНТ', 'Территория ОНТ', 'Территория огороднического некоммерческого товарищества', '2015-11-05', '2015-11-05', '2079-06-06', true);
INSERT INTO public.as_addr_obj_types (id, level, shortname, name, description, updatedate, startdate, enddate, isactive) VALUES (314, 7, 'тер. ОПК', 'Территория ОПК', 'Территория огороднических потребительских кооперативов', '2015-11-05', '2015-11-05', '2019-02-14', true);
INSERT INTO public.as_addr_obj_types (id, level, shortname, name, description, updatedate, startdate, enddate, isactive) VALUES (315, 7, 'тер. ПК', 'Территория ПК', 'Территория потребительского кооператива', '2019-02-14', '2019-02-14', '2079-06-06', true);
INSERT INTO public.as_addr_obj_types (id, level, shortname, name, description, updatedate, startdate, enddate, isactive) VALUES (316, 7, 'тер. СНО', 'Территория СНО', 'Территория садоводческих некоммерческих объединений граждан', '2015-11-05', '2015-11-05', '2019-02-14', true);
INSERT INTO public.as_addr_obj_types (id, level, shortname, name, description, updatedate, startdate, enddate, isactive) VALUES (317, 7, 'тер. СНП', 'Территория СНП', 'Территория садоводческих некоммерческих партнерств', '2015-11-05', '2015-11-05', '2019-02-14', true);
INSERT INTO public.as_addr_obj_types (id, level, shortname, name, description, updatedate, startdate, enddate, isactive) VALUES (318, 7, 'тер. СНТ', 'Территория СНТ', 'Территория садоводческого некоммерческого товарищества', '2015-11-05', '2015-11-05', '2079-06-06', true);
INSERT INTO public.as_addr_obj_types (id, level, shortname, name, description, updatedate, startdate, enddate, isactive) VALUES (322, 7, 'тер.СОСН', 'Территория СОСН', 'Территория ведения гражданами садоводства или огородничества для собственных нужд', '2019-01-01', '2019-01-01', '2079-06-06', true);
INSERT INTO public.as_addr_obj_types (id, level, shortname, name, description, updatedate, startdate, enddate, isactive) VALUES (319, 7, 'тер. СПК', 'Территория СПК', 'Территория садоводческих потребительских кооперативов', '2015-11-05', '2015-11-05', '2019-02-14', true);
INSERT INTO public.as_addr_obj_types (id, level, shortname, name, description, updatedate, startdate, enddate, isactive) VALUES (320, 7, 'тер. ТСЖ', 'Территория ТСЖ', 'Территория товарищества собственников жилья', '2019-02-14', '2019-02-14', '2079-06-06', true);
INSERT INTO public.as_addr_obj_types (id, level, shortname, name, description, updatedate, startdate, enddate, isactive) VALUES (321, 7, 'тер. ТСН', 'Территория ТСН', 'Территория товарищества собственников недвижимости', '2015-11-05', '2015-11-05', '2079-06-06', true);
INSERT INTO public.as_addr_obj_types (id, level, shortname, name, description, updatedate, startdate, enddate, isactive) VALUES (323, 7, 'тер.ф.х.', 'Территория ФХ', 'Территория ФХ', '2015-11-05', '2015-11-05', '2018-12-14', true);
INSERT INTO public.as_addr_obj_types (id, level, shortname, name, description, updatedate, startdate, enddate, isactive) VALUES (324, 7, 'тракт', 'Тракт', 'Тракт', '2015-11-05', '2015-11-05', '2017-02-14', true);
INSERT INTO public.as_addr_obj_types (id, level, shortname, name, description, updatedate, startdate, enddate, isactive) VALUES (325, 7, 'туп.', 'Тупик', 'Тупик', '2015-11-05', '2015-11-05', '2017-02-14', true);
INSERT INTO public.as_addr_obj_types (id, level, shortname, name, description, updatedate, startdate, enddate, isactive) VALUES (326, 7, 'ул.', 'Улица', 'Улица', '2015-11-05', '2015-11-05', '2017-02-14', true);
INSERT INTO public.as_addr_obj_types (id, level, shortname, name, description, updatedate, startdate, enddate, isactive) VALUES (327, 7, 'ус.', 'Усадьба', 'Усадьба', '2015-11-05', '2015-11-05', '2018-12-14', true);
INSERT INTO public.as_addr_obj_types (id, level, shortname, name, description, updatedate, startdate, enddate, isactive) VALUES (328, 7, 'ф/х', 'Фермерское хозяйство', 'Фермерское хозяйство', '1900-01-01', '1900-01-01', '2017-02-14', true);
INSERT INTO public.as_addr_obj_types (id, level, shortname, name, description, updatedate, startdate, enddate, isactive) VALUES (329, 7, 'х.', 'Хутор', 'Хутор', '2015-11-05', '2015-11-05', '2017-02-14', true);
INSERT INTO public.as_addr_obj_types (id, level, shortname, name, description, updatedate, startdate, enddate, isactive) VALUES (330, 7, 'ш.', 'Шоссе', 'Шоссе', '2015-11-05', '2015-11-05', '2017-02-14', true);
INSERT INTO public.as_addr_obj_types (id, level, shortname, name, description, updatedate, startdate, enddate, isactive) VALUES (331, 7, 'ю.', 'Юрты', 'Юрты', '2015-11-05', '2015-11-05', '2079-06-06', true);
INSERT INTO public.as_addr_obj_types (id, level, shortname, name, description, updatedate, startdate, enddate, isactive) VALUES (113, 8, 'а/я', 'Абонентский ящик', 'Абонентский ящик', '1900-01-01', '1900-01-01', '2015-11-05', true);
INSERT INTO public.as_addr_obj_types (id, level, shortname, name, description, updatedate, startdate, enddate, isactive) VALUES (114, 8, 'ал.', 'Аллея', 'Аллея', '2015-11-05', '2015-11-05', '2079-06-06', true);
INSERT INTO public.as_addr_obj_types (id, level, shortname, name, description, updatedate, startdate, enddate, isactive) VALUES (115, 8, 'аллея', 'Аллея', 'Аллея', '1900-01-01', '1900-01-01', '2015-11-05', true);
INSERT INTO public.as_addr_obj_types (id, level, shortname, name, description, updatedate, startdate, enddate, isactive) VALUES (116, 8, 'балка', 'Балка', 'Балка', '1900-01-01', '1900-01-01', '2015-11-05', true);
INSERT INTO public.as_addr_obj_types (id, level, shortname, name, description, updatedate, startdate, enddate, isactive) VALUES (117, 8, 'берег', 'Берег', 'Берег', '1900-01-01', '1900-01-01', '2015-11-05', true);
INSERT INTO public.as_addr_obj_types (id, level, shortname, name, description, updatedate, startdate, enddate, isactive) VALUES (119, 8, 'бугор', 'Бугор', 'Бугор', '1900-01-01', '1900-01-01', '2015-11-05', true);
INSERT INTO public.as_addr_obj_types (id, level, shortname, name, description, updatedate, startdate, enddate, isactive) VALUES (118, 8, 'б-р', 'Бульвар', 'Бульвар', '1900-01-01', '1900-01-01', '2079-06-06', true);
INSERT INTO public.as_addr_obj_types (id, level, shortname, name, description, updatedate, startdate, enddate, isactive) VALUES (120, 8, 'вал', 'Вал', 'Вал', '1900-01-01', '1900-01-01', '2015-11-05', true);
INSERT INTO public.as_addr_obj_types (id, level, shortname, name, description, updatedate, startdate, enddate, isactive) VALUES (121, 8, 'взв.', 'Взвоз', 'Взвоз', '2015-11-05', '2015-11-05', '2018-11-09', true);
INSERT INTO public.as_addr_obj_types (id, level, shortname, name, description, updatedate, startdate, enddate, isactive) VALUES (122, 8, 'въезд', 'Въезд', 'Въезд', '1900-01-01', '1900-01-01', '2015-11-05', true);
INSERT INTO public.as_addr_obj_types (id, level, shortname, name, description, updatedate, startdate, enddate, isactive) VALUES (124, 8, 'гск', 'Гаражно-строительный кооп.', 'Гаражно-строительный кооператив', '1900-01-01', '1900-01-01', '2018-11-09', true);
INSERT INTO public.as_addr_obj_types (id, level, shortname, name, description, updatedate, startdate, enddate, isactive) VALUES (123, 8, 'г-к', 'Городок', 'Городок', '1900-01-01', '1900-01-01', '2015-11-05', true);
INSERT INTO public.as_addr_obj_types (id, level, shortname, name, description, updatedate, startdate, enddate, isactive) VALUES (126, 8, 'днп', 'Дачное неком-е партнерство', 'Дачное некоммерческое партнерство', '1900-01-01', '1900-01-01', '2015-11-05', true);
INSERT INTO public.as_addr_obj_types (id, level, shortname, name, description, updatedate, startdate, enddate, isactive) VALUES (125, 8, 'д', 'Деревня', 'Деревня', '1900-01-01', '1900-01-01', '2015-11-05', true);
INSERT INTO public.as_addr_obj_types (id, level, shortname, name, description, updatedate, startdate, enddate, isactive) VALUES (127, 8, 'дор', 'Дорога', 'Дорога', '1900-01-01', '1900-01-01', '2018-11-09', true);
INSERT INTO public.as_addr_obj_types (id, level, shortname, name, description, updatedate, startdate, enddate, isactive) VALUES (130, 8, 'ж/д_оп', 'ж/д останов. (обгонный) пункт', 'ж/д остановочный (обгонный) пункт', '1900-01-01', '1900-01-01', '2015-11-05', true);
INSERT INTO public.as_addr_obj_types (id, level, shortname, name, description, updatedate, startdate, enddate, isactive) VALUES (128, 8, 'ж/д_будка', 'Железнодорожная будка', 'Железнодорожная будка', '1900-01-01', '1900-01-01', '2015-11-05', true);
INSERT INTO public.as_addr_obj_types (id, level, shortname, name, description, updatedate, startdate, enddate, isactive) VALUES (129, 8, 'ж/д_казарм', 'Железнодорожная казарма', 'Железнодорожная казарма', '1900-01-01', '1900-01-01', '2015-11-05', true);
INSERT INTO public.as_addr_obj_types (id, level, shortname, name, description, updatedate, startdate, enddate, isactive) VALUES (131, 8, 'ж/д_платф', 'Железнодорожная платформа', 'Железнодорожная платформа', '1900-01-01', '1900-01-01', '2015-11-05', true);
INSERT INTO public.as_addr_obj_types (id, level, shortname, name, description, updatedate, startdate, enddate, isactive) VALUES (134, 8, 'ж/д_ст', 'Железнодорожная станция', 'Железнодорожная станция', '1900-01-01', '1900-01-01', '2015-11-05', true);
INSERT INTO public.as_addr_obj_types (id, level, shortname, name, description, updatedate, startdate, enddate, isactive) VALUES (132, 8, 'ж/д_пост', 'Железнодорожный пост', 'Железнодорожный пост', '1900-01-01', '1900-01-01', '2015-11-05', true);
INSERT INTO public.as_addr_obj_types (id, level, shortname, name, description, updatedate, startdate, enddate, isactive) VALUES (133, 8, 'ж/д_рзд', 'Железнодорожный разъезд', 'Железнодорожный разъезд', '1900-01-01', '1900-01-01', '2015-11-05', true);
INSERT INTO public.as_addr_obj_types (id, level, shortname, name, description, updatedate, startdate, enddate, isactive) VALUES (135, 8, 'жт', 'Животноводческая точка', 'Животноводческая точка', '1900-01-01', '1900-01-01', '2015-11-05', true);
INSERT INTO public.as_addr_obj_types (id, level, shortname, name, description, updatedate, startdate, enddate, isactive) VALUES (137, 8, 'ззд.', 'Заезд', 'Заезд', '2015-11-05', '2015-11-05', '2018-11-09', true);
INSERT INTO public.as_addr_obj_types (id, level, shortname, name, description, updatedate, startdate, enddate, isactive) VALUES (136, 8, 'заезд', 'Заезд', 'Заезд', '1900-01-01', '1900-01-01', '2015-11-05', true);
INSERT INTO public.as_addr_obj_types (id, level, shortname, name, description, updatedate, startdate, enddate, isactive) VALUES (138, 8, 'зона', 'Зона', 'Зона', '1900-01-01', '1900-01-01', '2015-11-05', true);
INSERT INTO public.as_addr_obj_types (id, level, shortname, name, description, updatedate, startdate, enddate, isactive) VALUES (139, 8, 'казарма', 'Казарма', 'Казарма', '1900-01-01', '1900-01-01', '2015-11-05', true);
INSERT INTO public.as_addr_obj_types (id, level, shortname, name, description, updatedate, startdate, enddate, isactive) VALUES (140, 8, 'кв-л', 'Квартал', 'Квартал', '1900-01-01', '1900-01-01', '2018-11-09', true);
INSERT INTO public.as_addr_obj_types (id, level, shortname, name, description, updatedate, startdate, enddate, isactive) VALUES (141, 8, 'км', 'Километр', 'Километр', '1900-01-01', '1900-01-01', '2079-06-06', true);
INSERT INTO public.as_addr_obj_types (id, level, shortname, name, description, updatedate, startdate, enddate, isactive) VALUES (142, 8, 'кольцо', 'Кольцо', 'Кольцо', '1900-01-01', '1900-01-01', '2015-11-05', true);
INSERT INTO public.as_addr_obj_types (id, level, shortname, name, description, updatedate, startdate, enddate, isactive) VALUES (144, 8, 'к-цо', 'Кольцо', 'Кольцо', '2015-11-05', '2015-11-05', '2018-11-09', true);
INSERT INTO public.as_addr_obj_types (id, level, shortname, name, description, updatedate, startdate, enddate, isactive) VALUES (143, 8, 'коса', 'Коса', 'Коса', '1900-01-01', '1900-01-01', '2018-11-09', true);
INSERT INTO public.as_addr_obj_types (id, level, shortname, name, description, updatedate, startdate, enddate, isactive) VALUES (146, 8, 'лн.', 'Линия', 'Линия', '2015-11-05', '2015-11-05', '2018-11-09', true);
INSERT INTO public.as_addr_obj_types (id, level, shortname, name, description, updatedate, startdate, enddate, isactive) VALUES (145, 8, 'линия', 'Линия', 'Линия', '1900-01-01', '1900-01-01', '2015-11-05', true);
INSERT INTO public.as_addr_obj_types (id, level, shortname, name, description, updatedate, startdate, enddate, isactive) VALUES (149, 8, 'мгстр.', 'Магистраль', 'Магистраль', '2015-11-05', '2015-11-05', '2079-06-06', true);
INSERT INTO public.as_addr_obj_types (id, level, shortname, name, description, updatedate, startdate, enddate, isactive) VALUES (147, 8, 'м', 'Местечко', 'Местечко', '1900-01-01', '1900-01-01', '2015-11-05', true);
INSERT INTO public.as_addr_obj_types (id, level, shortname, name, description, updatedate, startdate, enddate, isactive) VALUES (150, 8, 'местность', 'Местность', 'Местность', '1900-01-01', '1900-01-01', '2015-11-05', true);
INSERT INTO public.as_addr_obj_types (id, level, shortname, name, description, updatedate, startdate, enddate, isactive) VALUES (151, 8, 'мкр', 'Микрорайон', 'Микрорайон', '1900-01-01', '1900-01-01', '2018-11-09', true);
INSERT INTO public.as_addr_obj_types (id, level, shortname, name, description, updatedate, startdate, enddate, isactive) VALUES (152, 8, 'мост', 'Мост', 'Мост', '1900-01-01', '1900-01-01', '2015-11-05', true);
INSERT INTO public.as_addr_obj_types (id, level, shortname, name, description, updatedate, startdate, enddate, isactive) VALUES (155, 8, 'наб.', 'Набережная', 'Набережная', '2015-11-05', '2015-11-05', '2018-11-09', true);
INSERT INTO public.as_addr_obj_types (id, level, shortname, name, description, updatedate, startdate, enddate, isactive) VALUES (154, 8, 'наб', 'Набережная', 'Набережная', '1900-01-01', '1900-01-01', '2015-11-05', true);
INSERT INTO public.as_addr_obj_types (id, level, shortname, name, description, updatedate, startdate, enddate, isactive) VALUES (156, 8, 'нп', 'Населенный пункт', 'Населенный пункт', '1900-01-01', '1900-01-01', '2015-11-05', true);
INSERT INTO public.as_addr_obj_types (id, level, shortname, name, description, updatedate, startdate, enddate, isactive) VALUES (153, 8, 'н/п', 'Некоммерческое партнерство', 'Некоммерческое партнерство', '1900-01-01', '1900-01-01', '2015-11-05', true);
INSERT INTO public.as_addr_obj_types (id, level, shortname, name, description, updatedate, startdate, enddate, isactive) VALUES (157, 8, 'остров', 'Остров', 'Остров', '1900-01-01', '1900-01-01', '2015-11-05', true);
INSERT INTO public.as_addr_obj_types (id, level, shortname, name, description, updatedate, startdate, enddate, isactive) VALUES (162, 8, 'парк', 'Парк', 'Парк', '1900-01-01', '1900-01-01', '2015-11-05', true);
INSERT INTO public.as_addr_obj_types (id, level, shortname, name, description, updatedate, startdate, enddate, isactive) VALUES (165, 8, 'пер-д', 'Переезд', 'Переезд', '2015-11-05', '2015-11-05', '2018-11-09', true);
INSERT INTO public.as_addr_obj_types (id, level, shortname, name, description, updatedate, startdate, enddate, isactive) VALUES (166, 8, 'переезд', 'Переезд', 'Переезд', '1900-01-01', '1900-01-01', '2015-11-05', true);
INSERT INTO public.as_addr_obj_types (id, level, shortname, name, description, updatedate, startdate, enddate, isactive) VALUES (164, 8, 'пер.', 'Переулок', 'Переулок', '2022-10-14', '1900-01-01', '2079-06-06', true);
INSERT INTO public.as_addr_obj_types (id, level, shortname, name, description, updatedate, startdate, enddate, isactive) VALUES (163, 8, 'пер', 'Переулок', 'Переулок', '2022-10-14', '1900-01-01', '2022-09-30', true);
INSERT INTO public.as_addr_obj_types (id, level, shortname, name, description, updatedate, startdate, enddate, isactive) VALUES (160, 8, 'пл.р-н', 'Планировочный район', 'Планировочный район', '2020-08-11', '1900-01-01', '2015-11-05', true);
INSERT INTO public.as_addr_obj_types (id, level, shortname, name, description, updatedate, startdate, enddate, isactive) VALUES (168, 8, 'платф', 'Платформа', 'Платформа', '1900-01-01', '1900-01-01', '2015-11-05', true);
INSERT INTO public.as_addr_obj_types (id, level, shortname, name, description, updatedate, startdate, enddate, isactive) VALUES (169, 8, 'пл-ка', 'Площадка', 'Площадка', '1900-01-01', '1900-01-01', '2018-11-09', true);
INSERT INTO public.as_addr_obj_types (id, level, shortname, name, description, updatedate, startdate, enddate, isactive) VALUES (167, 8, 'пл', 'Площадь', 'Площадь', '2022-10-14', '1900-01-01', '2022-09-30', true);
INSERT INTO public.as_addr_obj_types (id, level, shortname, name, description, updatedate, startdate, enddate, isactive) VALUES (450, 8, 'пл.', 'Площадь', 'Площадь', '2022-10-14', '2022-09-30', '2079-06-06', true);
INSERT INTO public.as_addr_obj_types (id, level, shortname, name, description, updatedate, startdate, enddate, isactive) VALUES (170, 8, 'полустанок', 'Полустанок', 'Полустанок', '1900-01-01', '1900-01-01', '2015-11-05', true);
INSERT INTO public.as_addr_obj_types (id, level, shortname, name, description, updatedate, startdate, enddate, isactive) VALUES (158, 8, 'п', 'Поселок', 'Поселок', '1900-01-01', '1900-01-01', '2018-04-16', true);
INSERT INTO public.as_addr_obj_types (id, level, shortname, name, description, updatedate, startdate, enddate, isactive) VALUES (161, 8, 'п/ст', 'Поселок и(при) станция(и)', 'Поселок и(при) станция(и)', '1900-01-01', '1900-01-01', '2015-11-05', true);
INSERT INTO public.as_addr_obj_types (id, level, shortname, name, description, updatedate, startdate, enddate, isactive) VALUES (159, 8, 'п/о', 'Почтовое отделение', 'Почтовое отделение', '1900-01-01', '1900-01-01', '2015-11-05', true);
INSERT INTO public.as_addr_obj_types (id, level, shortname, name, description, updatedate, startdate, enddate, isactive) VALUES (176, 8, 'проезд', 'Проезд', 'Проезд', '1900-01-01', '1900-01-01', '2015-05-11', true);
INSERT INTO public.as_addr_obj_types (id, level, shortname, name, description, updatedate, startdate, enddate, isactive) VALUES (171, 8, 'пр-д', 'Проезд', 'Проезд', '2015-11-05', '2015-11-05', '2079-06-06', true);
INSERT INTO public.as_addr_obj_types (id, level, shortname, name, description, updatedate, startdate, enddate, isactive) VALUES (177, 8, 'промзона', 'Промзона', 'Промзона', '1900-01-01', '1900-01-01', '2018-11-09', true);
INSERT INTO public.as_addr_obj_types (id, level, shortname, name, description, updatedate, startdate, enddate, isactive) VALUES (178, 8, 'просек', 'Просек', 'Просек', '1900-01-01', '1900-01-01', '2015-11-05', true);
INSERT INTO public.as_addr_obj_types (id, level, shortname, name, description, updatedate, startdate, enddate, isactive) VALUES (172, 8, 'пр-к', 'Просек', 'Просек', '2015-11-05', '2015-11-05', '2018-11-09', true);
INSERT INTO public.as_addr_obj_types (id, level, shortname, name, description, updatedate, startdate, enddate, isactive) VALUES (179, 8, 'просека', 'Просека', 'Просека', '1900-01-01', '1900-01-01', '2015-11-05', true);
INSERT INTO public.as_addr_obj_types (id, level, shortname, name, description, updatedate, startdate, enddate, isactive) VALUES (173, 8, 'пр-ка', 'Просека', 'Просека', '2015-11-05', '2015-11-05', '2018-11-09', true);
INSERT INTO public.as_addr_obj_types (id, level, shortname, name, description, updatedate, startdate, enddate, isactive) VALUES (175, 8, 'пр-лок', 'Проселок', 'Проселок', '2015-11-05', '2015-11-05', '2018-11-09', true);
INSERT INTO public.as_addr_obj_types (id, level, shortname, name, description, updatedate, startdate, enddate, isactive) VALUES (180, 8, 'проселок', 'Проселок', 'Проселок', '1900-01-01', '1900-01-01', '2015-11-05', true);
INSERT INTO public.as_addr_obj_types (id, level, shortname, name, description, updatedate, startdate, enddate, isactive) VALUES (174, 8, 'пр-кт', 'Проспект', 'Проспект', '1900-01-01', '1900-01-01', '2079-06-06', true);
INSERT INTO public.as_addr_obj_types (id, level, shortname, name, description, updatedate, startdate, enddate, isactive) VALUES (181, 8, 'проул.', 'Проулок', 'Проулок', '2015-11-05', '2015-11-05', '2079-06-06', true);
INSERT INTO public.as_addr_obj_types (id, level, shortname, name, description, updatedate, startdate, enddate, isactive) VALUES (182, 8, 'проулок', 'Проулок', 'Проулок', '1900-01-01', '1900-01-01', '2015-11-05', true);
INSERT INTO public.as_addr_obj_types (id, level, shortname, name, description, updatedate, startdate, enddate, isactive) VALUES (184, 8, 'рзд.', 'Разъезд', 'Разъезд', '2015-11-05', '2015-11-05', '2079-06-06', true);
INSERT INTO public.as_addr_obj_types (id, level, shortname, name, description, updatedate, startdate, enddate, isactive) VALUES (183, 8, 'рзд', 'Разъезд', 'Разъезд', '1900-01-01', '1900-01-01', '2015-11-05', true);
INSERT INTO public.as_addr_obj_types (id, level, shortname, name, description, updatedate, startdate, enddate, isactive) VALUES (185, 8, 'ряд', 'Ряд(ы)', 'Ряд(ы)', '2015-11-05', '2015-11-05', '2018-11-09', true);
INSERT INTO public.as_addr_obj_types (id, level, shortname, name, description, updatedate, startdate, enddate, isactive) VALUES (186, 8, 'ряды', 'Ряды', 'Ряды', '1900-01-01', '1900-01-01', '2015-11-05', true);
INSERT INTO public.as_addr_obj_types (id, level, shortname, name, description, updatedate, startdate, enddate, isactive) VALUES (189, 8, 'сад', 'Сад', 'Сад', '1900-01-01', '1900-01-01', '2015-11-05', true);
INSERT INTO public.as_addr_obj_types (id, level, shortname, name, description, updatedate, startdate, enddate, isactive) VALUES (194, 8, 'снт', 'Садовое неком-е товарищество', 'Садовое некоммерческое товарищество', '1900-01-01', '1900-01-01', '2018-11-09', true);
INSERT INTO public.as_addr_obj_types (id, level, shortname, name, description, updatedate, startdate, enddate, isactive) VALUES (188, 8, 'с/т', 'Садовое товарищество', 'Садовое товарищество', '2015-11-05', '2015-11-05', '2018-05-08', true);
INSERT INTO public.as_addr_obj_types (id, level, shortname, name, description, updatedate, startdate, enddate, isactive) VALUES (187, 8, 'с', 'Село', 'Село', '1900-01-01', '1900-01-01', '2015-11-05', true);
INSERT INTO public.as_addr_obj_types (id, level, shortname, name, description, updatedate, startdate, enddate, isactive) VALUES (192, 8, 'сквер', 'Сквер', 'Сквер', '1900-01-01', '1900-01-01', '2015-11-05', true);
INSERT INTO public.as_addr_obj_types (id, level, shortname, name, description, updatedate, startdate, enddate, isactive) VALUES (196, 8, 'с-р', 'Сквер', 'Сквер', '2015-11-05', '2015-11-05', '2018-11-09', true);
INSERT INTO public.as_addr_obj_types (id, level, shortname, name, description, updatedate, startdate, enddate, isactive) VALUES (193, 8, 'сл', 'Слобода', 'Слобода', '1900-01-01', '1900-01-01', '2015-11-05', true);
INSERT INTO public.as_addr_obj_types (id, level, shortname, name, description, updatedate, startdate, enddate, isactive) VALUES (191, 8, 'с-к', 'Спуск', 'Спуск', '2015-11-05', '2015-11-05', '2079-06-06', true);
INSERT INTO public.as_addr_obj_types (id, level, shortname, name, description, updatedate, startdate, enddate, isactive) VALUES (195, 8, 'спуск', 'Спуск', 'Спуск', '1900-01-01', '1900-01-01', '2015-11-05', true);
INSERT INTO public.as_addr_obj_types (id, level, shortname, name, description, updatedate, startdate, enddate, isactive) VALUES (197, 8, 'ст', 'Станция', 'Станция', '1900-01-01', '1900-01-01', '2015-11-05', true);
INSERT INTO public.as_addr_obj_types (id, level, shortname, name, description, updatedate, startdate, enddate, isactive) VALUES (198, 8, 'стр', 'Строение', 'Строение', '1900-01-01', '1900-01-01', '2015-11-05', true);
INSERT INTO public.as_addr_obj_types (id, level, shortname, name, description, updatedate, startdate, enddate, isactive) VALUES (190, 8, 'сзд.', 'Съезд', 'Съезд', '2015-11-05', '2015-11-05', '2018-11-09', true);
INSERT INTO public.as_addr_obj_types (id, level, shortname, name, description, updatedate, startdate, enddate, isactive) VALUES (199, 8, 'тер', 'Территория', 'Территория', '1900-01-01', '1900-01-01', '2018-11-09', true);
INSERT INTO public.as_addr_obj_types (id, level, shortname, name, description, updatedate, startdate, enddate, isactive) VALUES (200, 8, 'тер. ДНТ', 'Территория ДНТ', 'Территория ДНТ', '2015-11-05', '2015-11-05', '2019-02-14', true);
INSERT INTO public.as_addr_obj_types (id, level, shortname, name, description, updatedate, startdate, enddate, isactive) VALUES (201, 8, 'тер. СНТ', 'Территория СНТ', 'Территория СНТ', '2015-11-05', '2015-11-05', '2018-05-08', true);
INSERT INTO public.as_addr_obj_types (id, level, shortname, name, description, updatedate, startdate, enddate, isactive) VALUES (202, 8, 'тракт', 'Тракт', 'Тракт', '1900-01-01', '1900-01-01', '2079-06-06', true);
INSERT INTO public.as_addr_obj_types (id, level, shortname, name, description, updatedate, startdate, enddate, isactive) VALUES (203, 8, 'туп', 'Тупик', 'Тупик', '2022-10-14', '1900-01-01', '2022-09-30', true);
INSERT INTO public.as_addr_obj_types (id, level, shortname, name, description, updatedate, startdate, enddate, isactive) VALUES (451, 8, 'туп.', 'Тупик', 'Тупик', '2022-10-14', '2022-09-30', '2079-06-06', true);
INSERT INTO public.as_addr_obj_types (id, level, shortname, name, description, updatedate, startdate, enddate, isactive) VALUES (205, 8, 'ул.', 'Улица', 'Улица', '2022-10-14', '1900-01-01', '2079-06-06', true);
INSERT INTO public.as_addr_obj_types (id, level, shortname, name, description, updatedate, startdate, enddate, isactive) VALUES (204, 8, 'ул', 'Улица', 'Улица', '2022-10-14', '1900-01-01', '2022-09-30', true);
INSERT INTO public.as_addr_obj_types (id, level, shortname, name, description, updatedate, startdate, enddate, isactive) VALUES (206, 8, 'уч-к', 'Участок', 'Участок', '1900-01-01', '1900-01-01', '2015-11-05', true);
INSERT INTO public.as_addr_obj_types (id, level, shortname, name, description, updatedate, startdate, enddate, isactive) VALUES (208, 8, 'ферма', 'Ферма', 'Ферма', '1900-01-01', '1900-01-01', '2015-11-05', true);
INSERT INTO public.as_addr_obj_types (id, level, shortname, name, description, updatedate, startdate, enddate, isactive) VALUES (207, 8, 'ф/х', 'Фермерское хозяйство', 'Фермерское хозяйство', '1900-01-01', '1900-01-01', '2015-11-05', true);
INSERT INTO public.as_addr_obj_types (id, level, shortname, name, description, updatedate, startdate, enddate, isactive) VALUES (209, 8, 'х', 'Хутор', 'Хутор', '1900-01-01', '1900-01-01', '2015-11-05', true);
INSERT INTO public.as_addr_obj_types (id, level, shortname, name, description, updatedate, startdate, enddate, isactive) VALUES (211, 8, 'ш.', 'Шоссе', 'Шоссе', '2022-10-14', '2015-11-05', '2079-06-06', true);
INSERT INTO public.as_addr_obj_types (id, level, shortname, name, description, updatedate, startdate, enddate, isactive) VALUES (210, 8, 'ш', 'Шоссе', 'Шоссе', '2022-10-14', '1900-01-01', '2022-09-30', true);
INSERT INTO public.as_addr_obj_types (id, level, shortname, name, description, updatedate, startdate, enddate, isactive) VALUES (332, 9, 'з/у', 'Земельный участок', 'Земельный участок', '2015-11-05', '2015-11-05', '2079-06-06', true);
INSERT INTO public.as_addr_obj_types (id, level, shortname, name, description, updatedate, startdate, enddate, isactive) VALUES (16, 13, 'АО', 'Автономный округ', 'Автономный округ', '1900-01-01', '1900-01-01', '2015-11-05', true);
INSERT INTO public.as_addr_obj_types (id, level, shortname, name, description, updatedate, startdate, enddate, isactive) VALUES (44, 14, 'р-н', 'Район', 'Район', '1900-01-01', '1900-01-01', '2015-11-05', true);
INSERT INTO public.as_addr_obj_types (id, level, shortname, name, description, updatedate, startdate, enddate, isactive) VALUES (45, 14, 'тер', 'Территория', 'Территория', '1900-01-01', '1900-01-01', '2015-11-05', true);
INSERT INTO public.as_addr_obj_types (id, level, shortname, name, description, updatedate, startdate, enddate, isactive) VALUES (333, 15, 'гск', 'Гаражно-строительный кооп.', 'Гаражно-строительный кооператив', '1900-01-01', '1900-01-01', '2015-05-11', true);
INSERT INTO public.as_addr_obj_types (id, level, shortname, name, description, updatedate, startdate, enddate, isactive) VALUES (334, 15, 'днп', 'Дачное неком-е партнерство', 'Дачное некоммерческое партнерство', '1900-01-01', '1900-01-01', '2015-05-11', true);
INSERT INTO public.as_addr_obj_types (id, level, shortname, name, description, updatedate, startdate, enddate, isactive) VALUES (335, 15, 'местность', 'Местность', 'Местность', '1900-01-01', '1900-01-01', '2079-06-06', true);
INSERT INTO public.as_addr_obj_types (id, level, shortname, name, description, updatedate, startdate, enddate, isactive) VALUES (336, 15, 'мкр', 'Микрорайон', 'Микрорайон', '1900-01-01', '1900-01-01', '2079-06-06', true);
INSERT INTO public.as_addr_obj_types (id, level, shortname, name, description, updatedate, startdate, enddate, isactive) VALUES (337, 15, 'н/п', 'Некоммерческое партнерство', 'Некоммерческое партнерство', '1900-01-01', '1900-01-01', '2079-06-06', true);
INSERT INTO public.as_addr_obj_types (id, level, shortname, name, description, updatedate, startdate, enddate, isactive) VALUES (338, 15, 'промзона', 'Промышленная зона', 'Промышленная зона', '1900-01-01', '1900-01-01', '2079-06-06', true);
INSERT INTO public.as_addr_obj_types (id, level, shortname, name, description, updatedate, startdate, enddate, isactive) VALUES (339, 15, 'сад', 'Сад', 'Сад', '1900-01-01', '1900-01-01', '2079-06-06', true);
INSERT INTO public.as_addr_obj_types (id, level, shortname, name, description, updatedate, startdate, enddate, isactive) VALUES (340, 15, 'снт', 'Садовое товарищество', 'Садовое товарищество', '1900-01-01', '1900-01-01', '2079-06-06', true);
INSERT INTO public.as_addr_obj_types (id, level, shortname, name, description, updatedate, startdate, enddate, isactive) VALUES (341, 15, 'тер', 'Территория', 'Территория', '1900-01-01', '1900-01-01', '2079-06-06', true);
INSERT INTO public.as_addr_obj_types (id, level, shortname, name, description, updatedate, startdate, enddate, isactive) VALUES (342, 15, 'ф/х', 'Фермерское хозяйство', 'Фермерское хозяйство', '1900-01-01', '1900-01-01', '2079-06-06', true);
INSERT INTO public.as_addr_obj_types (id, level, shortname, name, description, updatedate, startdate, enddate, isactive) VALUES (344, 16, 'аал', 'Аал', 'Аал', '1900-01-01', '1900-01-01', '2079-06-06', true);
INSERT INTO public.as_addr_obj_types (id, level, shortname, name, description, updatedate, startdate, enddate, isactive) VALUES (343, 16, 'а/я', 'Абонентский ящик', 'Абонентский ящик', '1900-01-01', '1900-01-01', '2015-12-31', true);
INSERT INTO public.as_addr_obj_types (id, level, shortname, name, description, updatedate, startdate, enddate, isactive) VALUES (345, 16, 'аллея', 'Аллея', 'Аллея', '1900-01-01', '1900-01-01', '2079-06-06', true);
INSERT INTO public.as_addr_obj_types (id, level, shortname, name, description, updatedate, startdate, enddate, isactive) VALUES (346, 16, 'арбан', 'Арбан', 'Арбан', '1900-01-01', '1900-01-01', '2079-06-06', true);
INSERT INTO public.as_addr_obj_types (id, level, shortname, name, description, updatedate, startdate, enddate, isactive) VALUES (347, 16, 'аул', 'Аул', 'Аул', '1900-01-01', '1900-01-01', '2079-06-06', true);
INSERT INTO public.as_addr_obj_types (id, level, shortname, name, description, updatedate, startdate, enddate, isactive) VALUES (348, 16, 'берег', 'Берег', 'Берег', '1900-01-01', '1900-01-01', '2079-06-06', true);
INSERT INTO public.as_addr_obj_types (id, level, shortname, name, description, updatedate, startdate, enddate, isactive) VALUES (349, 16, 'б-р', 'Бульвар', 'Бульвар', '1900-01-01', '1900-01-01', '2079-06-06', true);
INSERT INTO public.as_addr_obj_types (id, level, shortname, name, description, updatedate, startdate, enddate, isactive) VALUES (350, 16, 'вал', 'Вал', 'Вал', '1900-01-01', '1900-01-01', '2079-06-06', true);
INSERT INTO public.as_addr_obj_types (id, level, shortname, name, description, updatedate, startdate, enddate, isactive) VALUES (351, 16, 'въезд', 'Въезд', 'Въезд', '1900-01-01', '1900-01-01', '2015-12-31', true);
INSERT INTO public.as_addr_obj_types (id, level, shortname, name, description, updatedate, startdate, enddate, isactive) VALUES (352, 16, 'высел', 'Выселки(ок)', 'Выселки(ок)', '1900-01-01', '1900-01-01', '2079-06-06', true);
INSERT INTO public.as_addr_obj_types (id, level, shortname, name, description, updatedate, startdate, enddate, isactive) VALUES (354, 16, 'гск', 'Гаражно-строит-ный кооператив', 'Гаражно-строительный кооператив', '1900-01-01', '1900-01-01', '2015-12-31', true);
INSERT INTO public.as_addr_obj_types (id, level, shortname, name, description, updatedate, startdate, enddate, isactive) VALUES (353, 16, 'г-к', 'Городок', 'Городок', '1900-01-01', '1900-01-01', '2079-06-06', true);
INSERT INTO public.as_addr_obj_types (id, level, shortname, name, description, updatedate, startdate, enddate, isactive) VALUES (355, 16, 'д', 'Деревня', 'Деревня', '1900-01-01', '1900-01-01', '2079-06-06', true);
INSERT INTO public.as_addr_obj_types (id, level, shortname, name, description, updatedate, startdate, enddate, isactive) VALUES (356, 16, 'дор', 'Дорога', 'Дорога', '1900-01-01', '1900-01-01', '2079-06-06', true);
INSERT INTO public.as_addr_obj_types (id, level, shortname, name, description, updatedate, startdate, enddate, isactive) VALUES (359, 16, 'ж/д_оп', 'ж/д останов. (обгонный) пункт', 'ж/д остановочный (обгонный) пункт', '1900-01-01', '1900-01-01', '2015-12-31', true);
INSERT INTO public.as_addr_obj_types (id, level, shortname, name, description, updatedate, startdate, enddate, isactive) VALUES (357, 16, 'ж/д_будка', 'Железнодорожная будка', 'Железнодорожная будка', '1900-01-01', '1900-01-01', '2079-06-06', true);
INSERT INTO public.as_addr_obj_types (id, level, shortname, name, description, updatedate, startdate, enddate, isactive) VALUES (358, 16, 'ж/д_казарм', 'Железнодорожная казарма', 'Железнодорожная казарма', '1900-01-01', '1900-01-01', '2015-11-05', true);
INSERT INTO public.as_addr_obj_types (id, level, shortname, name, description, updatedate, startdate, enddate, isactive) VALUES (360, 16, 'ж/д_платф', 'Железнодорожная платформа', 'Железнодорожная платформа', '1900-01-01', '1900-01-01', '2079-06-06', true);
INSERT INTO public.as_addr_obj_types (id, level, shortname, name, description, updatedate, startdate, enddate, isactive) VALUES (363, 16, 'ж/д_ст', 'Железнодорожная станция', 'Железнодорожная станция', '1900-01-01', '1900-01-01', '2079-06-06', true);
INSERT INTO public.as_addr_obj_types (id, level, shortname, name, description, updatedate, startdate, enddate, isactive) VALUES (361, 16, 'ж/д_пост', 'Железнодорожный пост', 'Железнодорожный пост', '1900-01-01', '1900-01-01', '2015-12-31', true);
INSERT INTO public.as_addr_obj_types (id, level, shortname, name, description, updatedate, startdate, enddate, isactive) VALUES (362, 16, 'ж/д_рзд', 'Железнодорожный разъезд', 'Железнодорожный разъезд', '1900-01-01', '1900-01-01', '2079-06-06', true);
INSERT INTO public.as_addr_obj_types (id, level, shortname, name, description, updatedate, startdate, enddate, isactive) VALUES (364, 16, 'жт', 'Животноводческая точка', 'Животноводческая точка', '1900-01-01', '1900-01-01', '2015-12-31', true);
INSERT INTO public.as_addr_obj_types (id, level, shortname, name, description, updatedate, startdate, enddate, isactive) VALUES (365, 16, 'заезд', 'Заезд', 'Заезд', '1900-01-01', '1900-01-01', '2079-06-06', true);
INSERT INTO public.as_addr_obj_types (id, level, shortname, name, description, updatedate, startdate, enddate, isactive) VALUES (366, 16, 'зона', 'Зона', 'Зона', '1900-01-01', '1900-01-01', '2079-06-06', true);
INSERT INTO public.as_addr_obj_types (id, level, shortname, name, description, updatedate, startdate, enddate, isactive) VALUES (367, 16, 'казарма', 'Казарма', 'Казарма', '1900-01-01', '1900-01-01', '2015-12-31', true);
INSERT INTO public.as_addr_obj_types (id, level, shortname, name, description, updatedate, startdate, enddate, isactive) VALUES (368, 16, 'кв-л', 'Квартал', 'Квартал', '1900-01-01', '1900-01-01', '2079-06-06', true);
INSERT INTO public.as_addr_obj_types (id, level, shortname, name, description, updatedate, startdate, enddate, isactive) VALUES (369, 16, 'км', 'Километр', 'Километр', '1900-01-01', '1900-01-01', '2079-06-06', true);
INSERT INTO public.as_addr_obj_types (id, level, shortname, name, description, updatedate, startdate, enddate, isactive) VALUES (370, 16, 'кольцо', 'Кольцо', 'Кольцо', '1900-01-01', '1900-01-01', '2079-06-06', true);
INSERT INTO public.as_addr_obj_types (id, level, shortname, name, description, updatedate, startdate, enddate, isactive) VALUES (371, 16, 'коса', 'Коса', 'Коса', '1900-01-01', '1900-01-01', '2079-06-06', true);
INSERT INTO public.as_addr_obj_types (id, level, shortname, name, description, updatedate, startdate, enddate, isactive) VALUES (372, 16, 'линия', 'Линия', 'Линия', '1900-01-01', '1900-01-01', '2079-06-06', true);
INSERT INTO public.as_addr_obj_types (id, level, shortname, name, description, updatedate, startdate, enddate, isactive) VALUES (373, 16, 'м', 'Местечко', 'Местечко', '1900-01-01', '1900-01-01', '2079-06-06', true);
INSERT INTO public.as_addr_obj_types (id, level, shortname, name, description, updatedate, startdate, enddate, isactive) VALUES (374, 16, 'мкр', 'Микрорайон', 'Микрорайон', '1900-01-01', '1900-01-01', '2079-06-06', true);
INSERT INTO public.as_addr_obj_types (id, level, shortname, name, description, updatedate, startdate, enddate, isactive) VALUES (375, 16, 'мост', 'Мост', 'Мост', '1900-01-01', '1900-01-01', '2015-12-31', true);
INSERT INTO public.as_addr_obj_types (id, level, shortname, name, description, updatedate, startdate, enddate, isactive) VALUES (376, 16, 'наб', 'Набережная', 'Набережная', '1900-01-01', '1900-01-01', '2018-01-27', true);
INSERT INTO public.as_addr_obj_types (id, level, shortname, name, description, updatedate, startdate, enddate, isactive) VALUES (377, 16, 'нп', 'Населенный пункт', 'Населенный пункт', '1900-01-01', '1900-01-01', '2015-12-31', true);
INSERT INTO public.as_addr_obj_types (id, level, shortname, name, description, updatedate, startdate, enddate, isactive) VALUES (378, 16, 'остров', 'Остров', 'Остров', '1900-01-01', '1900-01-01', '2079-06-06', true);
INSERT INTO public.as_addr_obj_types (id, level, shortname, name, description, updatedate, startdate, enddate, isactive) VALUES (383, 16, 'парк', 'Парк', 'Парк', '1900-01-01', '1900-01-01', '2079-06-06', true);
INSERT INTO public.as_addr_obj_types (id, level, shortname, name, description, updatedate, startdate, enddate, isactive) VALUES (385, 16, 'переезд', 'Переезд', 'Переезд', '1900-01-01', '1900-01-01', '2079-06-06', true);
INSERT INTO public.as_addr_obj_types (id, level, shortname, name, description, updatedate, startdate, enddate, isactive) VALUES (384, 16, 'пер', 'Переулок', 'Переулок', '1900-01-01', '1900-01-01', '2079-06-06', true);
INSERT INTO public.as_addr_obj_types (id, level, shortname, name, description, updatedate, startdate, enddate, isactive) VALUES (381, 16, 'пл.р-н', 'Планировочный район', 'Планировочный район', '2020-08-11', '1900-01-01', '2015-12-31', true);
INSERT INTO public.as_addr_obj_types (id, level, shortname, name, description, updatedate, startdate, enddate, isactive) VALUES (387, 16, 'платф', 'Платформа', 'Платформа', '1900-01-01', '1900-01-01', '2079-06-06', true);
INSERT INTO public.as_addr_obj_types (id, level, shortname, name, description, updatedate, startdate, enddate, isactive) VALUES (388, 16, 'пл-ка', 'Площадка', 'Площадка', '1900-01-01', '1900-01-01', '2079-06-06', true);
INSERT INTO public.as_addr_obj_types (id, level, shortname, name, description, updatedate, startdate, enddate, isactive) VALUES (386, 16, 'пл', 'Площадь', 'Площадь', '1900-01-01', '1900-01-01', '2079-06-06', true);
INSERT INTO public.as_addr_obj_types (id, level, shortname, name, description, updatedate, startdate, enddate, isactive) VALUES (379, 16, 'п', 'Поселок', 'Поселок', '1900-01-01', '1900-01-01', '2079-06-06', true);
INSERT INTO public.as_addr_obj_types (id, level, shortname, name, description, updatedate, startdate, enddate, isactive) VALUES (382, 16, 'п/ст', 'Поселок и(при) станция(и)', 'Поселок и(при) станция(и)', '1900-01-01', '1900-01-01', '2079-06-06', true);
INSERT INTO public.as_addr_obj_types (id, level, shortname, name, description, updatedate, startdate, enddate, isactive) VALUES (389, 16, 'починок', 'Починок', 'Починок', '1900-01-01', '1900-01-01', '2079-06-06', true);
INSERT INTO public.as_addr_obj_types (id, level, shortname, name, description, updatedate, startdate, enddate, isactive) VALUES (380, 16, 'п/о', 'Почтовое отделение', 'Почтовое отделение', '1900-01-01', '1900-01-01', '2015-12-31', true);
INSERT INTO public.as_addr_obj_types (id, level, shortname, name, description, updatedate, startdate, enddate, isactive) VALUES (391, 16, 'проезд', 'Проезд', 'Проезд', '1900-01-01', '1900-01-01', '2079-06-06', true);
INSERT INTO public.as_addr_obj_types (id, level, shortname, name, description, updatedate, startdate, enddate, isactive) VALUES (392, 16, 'просек', 'Просек', 'Просек', '1900-01-01', '1900-01-01', '2079-06-06', true);
INSERT INTO public.as_addr_obj_types (id, level, shortname, name, description, updatedate, startdate, enddate, isactive) VALUES (393, 16, 'просека', 'Просека', 'Просека', '1900-01-01', '1900-01-01', '2079-06-06', true);
INSERT INTO public.as_addr_obj_types (id, level, shortname, name, description, updatedate, startdate, enddate, isactive) VALUES (394, 16, 'проселок', 'Проселок', 'Проселок', '1900-01-01', '1900-01-01', '2079-06-06', true);
INSERT INTO public.as_addr_obj_types (id, level, shortname, name, description, updatedate, startdate, enddate, isactive) VALUES (390, 16, 'пр-кт', 'Проспект', 'Проспект', '1900-01-01', '1900-01-01', '2079-06-06', true);
INSERT INTO public.as_addr_obj_types (id, level, shortname, name, description, updatedate, startdate, enddate, isactive) VALUES (395, 16, 'проулок', 'Проулок', 'Проулок', '1900-01-01', '1900-01-01', '2079-06-06', true);
INSERT INTO public.as_addr_obj_types (id, level, shortname, name, description, updatedate, startdate, enddate, isactive) VALUES (396, 16, 'рзд', 'Разъезд', 'Разъезд', '1900-01-01', '1900-01-01', '2079-06-06', true);
INSERT INTO public.as_addr_obj_types (id, level, shortname, name, description, updatedate, startdate, enddate, isactive) VALUES (397, 16, 'ряды', 'Ряды', 'Ряды', '1900-01-01', '1900-01-01', '2079-06-06', true);
INSERT INTO public.as_addr_obj_types (id, level, shortname, name, description, updatedate, startdate, enddate, isactive) VALUES (399, 16, 'сад', 'Сад', 'Сад', '1900-01-01', '1900-01-01', '2079-06-06', true);
INSERT INTO public.as_addr_obj_types (id, level, shortname, name, description, updatedate, startdate, enddate, isactive) VALUES (402, 16, 'снт', 'Садовое неком-е товарищество', 'Садовое некоммерческое товарищество', '1900-01-01', '1900-01-01', '2015-12-31', true);
INSERT INTO public.as_addr_obj_types (id, level, shortname, name, description, updatedate, startdate, enddate, isactive) VALUES (398, 16, 'с', 'Село', 'Село', '1900-01-01', '1900-01-01', '2079-06-06', true);
INSERT INTO public.as_addr_obj_types (id, level, shortname, name, description, updatedate, startdate, enddate, isactive) VALUES (400, 16, 'сквер', 'Сквер', 'Сквер', '1900-01-01', '1900-01-01', '2079-06-06', true);
INSERT INTO public.as_addr_obj_types (id, level, shortname, name, description, updatedate, startdate, enddate, isactive) VALUES (401, 16, 'сл', 'Слобода', 'Слобода', '1900-01-01', '1900-01-01', '2079-06-06', true);
INSERT INTO public.as_addr_obj_types (id, level, shortname, name, description, updatedate, startdate, enddate, isactive) VALUES (403, 16, 'спуск', 'Спуск', 'Спуск', '1900-01-01', '1900-01-01', '2079-06-06', true);
INSERT INTO public.as_addr_obj_types (id, level, shortname, name, description, updatedate, startdate, enddate, isactive) VALUES (404, 16, 'ст', 'Станция', 'Станция', '1900-01-01', '1900-01-01', '2079-06-06', true);
INSERT INTO public.as_addr_obj_types (id, level, shortname, name, description, updatedate, startdate, enddate, isactive) VALUES (405, 16, 'стр', 'Строение', 'Строение', '1900-01-01', '1900-01-01', '2015-12-31', true);
INSERT INTO public.as_addr_obj_types (id, level, shortname, name, description, updatedate, startdate, enddate, isactive) VALUES (406, 16, 'тер', 'Территория', 'Территория', '1900-01-01', '1900-01-01', '2079-06-06', true);
INSERT INTO public.as_addr_obj_types (id, level, shortname, name, description, updatedate, startdate, enddate, isactive) VALUES (407, 16, 'тракт', 'Тракт', 'Тракт', '1900-01-01', '1900-01-01', '2079-06-06', true);
INSERT INTO public.as_addr_obj_types (id, level, shortname, name, description, updatedate, startdate, enddate, isactive) VALUES (408, 16, 'туп', 'Тупик', 'Тупик', '1900-01-01', '1900-01-01', '2079-06-06', true);
INSERT INTO public.as_addr_obj_types (id, level, shortname, name, description, updatedate, startdate, enddate, isactive) VALUES (409, 16, 'ул', 'Улица', 'Улица', '1900-01-01', '1900-01-01', '2079-06-06', true);
INSERT INTO public.as_addr_obj_types (id, level, shortname, name, description, updatedate, startdate, enddate, isactive) VALUES (410, 16, 'уч-к', 'Участок', 'Участок', '1900-01-01', '1900-01-01', '2015-12-31', true);
INSERT INTO public.as_addr_obj_types (id, level, shortname, name, description, updatedate, startdate, enddate, isactive) VALUES (411, 16, 'ферма', 'Ферма', 'Ферма', '1900-01-01', '1900-01-01', '2015-12-31', true);
INSERT INTO public.as_addr_obj_types (id, level, shortname, name, description, updatedate, startdate, enddate, isactive) VALUES (412, 16, 'х', 'Хутор', 'Хутор', '1900-01-01', '1900-01-01', '2079-06-06', true);
INSERT INTO public.as_addr_obj_types (id, level, shortname, name, description, updatedate, startdate, enddate, isactive) VALUES (413, 16, 'ш', 'Шоссе', 'Шоссе', '1900-01-01', '1900-01-01', '2079-06-06', true);
INSERT INTO public.as_addr_obj_types (id, level, shortname, name, description, updatedate, startdate, enddate, isactive) VALUES (227, 17, 'м/м', 'Машино-место', 'Машино-место', '2019-02-14', '2019-02-14', '2079-06-06', true);
-- START as_house_types DATA
INSERT INTO public.as_house_types (id, name, shortname, description, updatedate, startdate, enddatedate, isactive) VALUES (1, 'Владение', 'влд.', 'Владение', '1900-01-01', '1900-01-01', '2015-11-05', false);
INSERT INTO public.as_house_types (id, name, shortname, description, updatedate, startdate, enddatedate, isactive) VALUES (2, 'Дом', 'д.', 'Дом', '1900-01-01', '1900-01-01', '2079-06-06', true);
INSERT INTO public.as_house_types (id, name, shortname, description, updatedate, startdate, enddatedate, isactive) VALUES (3, 'Домовладение', 'двлд.', 'Домовладение', '1900-01-01', '1900-01-01', '2015-11-05', false);
INSERT INTO public.as_house_types (id, name, shortname, description, updatedate, startdate, enddatedate, isactive) VALUES (4, 'Гараж', 'г-ж', 'Гараж', '1900-01-01', '1900-01-01', '2079-06-06', true);
INSERT INTO public.as_house_types (id, name, shortname, description, updatedate, startdate, enddatedate, isactive) VALUES (5, 'Здание', 'зд.', 'Здание', '1900-01-01', '1900-01-01', '2079-06-06', true);
INSERT INTO public.as_house_types (id, name, shortname, description, updatedate, startdate, enddatedate, isactive) VALUES (6, 'Шахта', 'шахта', 'Шахта', '1900-01-01', '1900-01-01', '2079-06-06', true);
INSERT INTO public.as_house_types (id, name, shortname, description, updatedate, startdate, enddatedate, isactive) VALUES (7, 'Строение', 'стр.', 'Строение', '1900-01-01', '1900-01-01', '2079-06-06', true);
INSERT INTO public.as_house_types (id, name, shortname, description, updatedate, startdate, enddatedate, isactive) VALUES (8, 'Сооружение', 'соор.', 'Сооружение', '1900-01-01', '1900-01-01', '2079-06-06', true);
INSERT INTO public.as_house_types (id, name, shortname, description, updatedate, startdate, enddatedate, isactive) VALUES (9, 'Литера', 'литера', 'Литера', '1900-01-01', '1900-01-01', '2015-12-25', false);
INSERT INTO public.as_house_types (id, name, shortname, description, updatedate, startdate, enddatedate, isactive) VALUES (10, 'Корпус', 'к.', 'Корпус', '1900-01-01', '1900-01-01', '2079-06-06', true);
INSERT INTO public.as_house_types (id, name, shortname, description, updatedate, startdate, enddatedate, isactive) VALUES (11, 'Подвал', 'подв.', 'Подвал', '1900-01-01', '1900-01-01', '2015-11-05', false);
INSERT INTO public.as_house_types (id, name, shortname, description, updatedate, startdate, enddatedate, isactive) VALUES (12, 'Котельная', 'кот.', 'Котельная', '1900-01-01', '1900-01-01', '2015-11-05', false);
INSERT INTO public.as_house_types (id, name, shortname, description, updatedate, startdate, enddatedate, isactive) VALUES (13, 'Погреб', 'п-б', 'Погреб', '1900-01-01', '1900-01-01', '2015-11-05', false);
INSERT INTO public.as_house_types (id, name, shortname, description, updatedate, startdate, enddatedate, isactive) VALUES (14, 'Объект незавершенного строительства', 'ОНС', 'Объект незавершенного строительства', '1900-01-01', '1900-01-01', '2015-11-05', false);
-- START as_param_types DATA
INSERT INTO public.as_param_types (id, name, code, description, updatedate, startdate, enddate, isactive) VALUES (1, 'ИФНС ФЛ', 'IFNSFL', 'ИФНС ФЛ', '2018-06-15', '2011-11-01', '2079-06-06', true);
INSERT INTO public.as_param_types (id, name, code, description, updatedate, startdate, enddate, isactive) VALUES (2, 'ИФНС ЮЛ', 'IFNSUL', 'ИФНС ЮЛ', '2018-06-15', '2011-11-01', '2079-06-06', true);
INSERT INTO public.as_param_types (id, name, code, description, updatedate, startdate, enddate, isactive) VALUES (3, 'ИФНС ФЛ ТЕР УЧ', 'territorialifnsflcode', 'Территориальный участок ИФНС ФЛ', '2018-06-15', '2011-11-01', '2079-06-06', true);
INSERT INTO public.as_param_types (id, name, code, description, updatedate, startdate, enddate, isactive) VALUES (4, 'ИФНС ЮЛ ТЕР УЧ', 'territorialifnsulcode', 'Территориальный участок ИФНС ЮЛ', '2018-06-15', '2011-11-01', '2079-06-06', true);
INSERT INTO public.as_param_types (id, name, code, description, updatedate, startdate, enddate, isactive) VALUES (5, 'Почтовый индекс', 'PostIndex', 'Информация о почтовом индексе', '2018-06-15', '2011-11-01', '2079-06-06', true);
INSERT INTO public.as_param_types (id, name, code, description, updatedate, startdate, enddate, isactive) VALUES (6, 'ОКАТО', 'OKATO', 'ОКАТО', '2018-06-19', '2011-11-01', '2079-06-06', true);
INSERT INTO public.as_param_types (id, name, code, description, updatedate, startdate, enddate, isactive) VALUES (7, 'OKTMO', 'OKTMO', 'OKTMO', '2018-06-19', '2011-11-01', '2079-06-06', true);
INSERT INTO public.as_param_types (id, name, code, description, updatedate, startdate, enddate, isactive) VALUES (8, 'Кадастровый номер', 'CadastrNum', 'Кадастровый номер', '2018-06-19', '2011-11-01', '2079-06-06', true);
INSERT INTO public.as_param_types (id, name, code, description, updatedate, startdate, enddate, isactive) VALUES (10, 'Код КЛАДР', 'CODE', 'Код адресного объекта одной строкой с признаком актуальности', '2018-06-21', '2011-11-01', '2079-06-06', true);
INSERT INTO public.as_param_types (id, name, code, description, updatedate, startdate, enddate, isactive) VALUES (11, 'Код КЛАДР без признака актуальности', 'PLAINCODE', 'Код адресного объекта одной строкой без признака актуальности', '2018-06-21', '2011-11-01', '2079-06-06', true);
INSERT INTO public.as_param_types (id, name, code, description, updatedate, startdate, enddate, isactive) VALUES (12, 'Код региона', 'REGIONCODE', 'Код региона', '2018-06-21', '2011-11-01', '2079-06-06', true);
INSERT INTO public.as_param_types (id, name, code, description, updatedate, startdate, enddate, isactive) VALUES (13, 'Реестровый номер', 'ReestrNum', 'Реестровый номер адресного объекта', '2018-11-12', '2011-11-01', '2079-06-06', true);
INSERT INTO public.as_param_types (id, name, code, description, updatedate, startdate, enddate, isactive) VALUES (14, 'Признак присвоения адреса', 'DivisionType', 'Признак в каком делении присвоен адрес, муниципальном/административном', '2018-12-14', '2011-11-01', '2079-06-06', true);
INSERT INTO public.as_param_types (id, name, code, description, updatedate, startdate, enddate, isactive) VALUES (15, 'Порядковый номер', 'Counter', 'Порядковый номер обьекта в рамках родителя', '2018-12-14', '2011-11-01', '2079-06-06', true);
INSERT INTO public.as_param_types (id, name, code, description, updatedate, startdate, enddate, isactive) VALUES (16, 'Официальное наименование', 'Official', 'Официальное наименование объекта(Региона)', '2019-12-04', '2019-12-04', '2079-06-06', true);
INSERT INTO public.as_param_types (id, name, code, description, updatedate, startdate, enddate, isactive) VALUES (17, 'Статус обслуживания Почтой России', 'PostStatus', 'Статус обслуживания Почтой России', '2021-09-03', '2021-09-03', '2079-06-06', true);
INSERT INTO public.as_param_types (id, name, code, description, updatedate, startdate, enddate, isactive) VALUES (18, 'Признак корректности объекта (не дубль)', 'IsCorrect', 'Признак корректности объекта (не дубль)', '2022-03-25', '2022-03-25', '2079-06-06', true);

